Date, Open, High, Low, Close, Volume
8/4/2022,524.9,525,521,523.1,269148
8/3/2022,526,526,522,523.7,210016
8/2/2022,522.1,523.6,521.1,521.8,230101
8/1/2022,529.6,529.6,522.5,523.7,101294
7/28/2022,518,518,510,514.5,67678
7/27/2022,521.5,521.6,516,516.9,122940
7/26/2022,522,527.7,521,522.3,124971
7/25/2022,518,520,516,519.7,131554
7/21/2022,524.4,524.5,522.2,523.4,106048
7/20/2022,530,530,518,521,166289
7/19/2022,528,528,518,521,199735
7/18/2022,538.2,538.2,527.8,528.5,149234
7/14/2022,541,541,537.9,538.4,81513
7/13/2022,539.7,541.3,538.6,539.2,43602
7/12/2022,543.9,543.9,538.5,539.6,67869
7/7/2022,544.8,544.8,540.1,541.4,68432
7/6/2022,540,541.4,539.6,540,65977
7/5/2022,540.8,542.5,539.7,539.9,137821
7/4/2022,541.3,547,540,540.7,89833
6/30/2022,543.6,547.9,542.5,543.5,121785
6/29/2022,542.1,544,541.5,542.6,141003
6/28/2022,543.7,544,541,541.9,161737
6/27/2022,542.3,545,541,541.4,104386
6/23/2022,547,547,541.9,542,91800
6/22/2022,542.9,551.9,541.5,542.2,149398
6/21/2022,553,553,542.8,542.9,73057
6/20/2022,551,551,542.9,543.8,85808
6/16/2022,545,559,545,548.5,101383
6/15/2022,551,552,542.7,544.5,100754
6/14/2022,552,554.5,549.5,549.9,124720
6/13/2022,553.8,556,550,551.9,97212
6/9/2022,568.2,568.2,555.6,556.8,87694
6/8/2022,565,565,560,562.6,89964
6/7/2022,569.2,570,560.5,561.3,52923
6/6/2022,570.3,578,568.4,570.1,83431
6/2/2022,550.9,558,550.9,555.7,61678
6/1/2022,550,553,548.7,550.9,85561
5/31/2022,550.1,553,549.5,550.7,82027
5/30/2022,552,555.8,548,549.7,135230
5/26/2022,539.5,543.8,539.1,540.9,42025
5/25/2022,540,541.9,536,539.7,85499
5/24/2022,549,550,542.2,543.1,122326
5/23/2022,546,550,538.2,546.7,104834
5/19/2022,547.7,547.7,535.1,539.5,179774
5/18/2022,557.7,558,545.3,547.7,129700
5/17/2022,563,567.8,550,553.6,141802
5/16/2022,578,578,559,561.1,189674
5/12/2022,583,583,575,575.6,93349
5/11/2022,581,581.5,577.1,579.2,115669
5/10/2022,585,585,580,580.3,158545
5/9/2022,581.7,587,581.7,583.8,121554
5/5/2022,582,583.4,580,581.2,49898
4/28/2022,580.3,582,577.7,581.7,125843
4/27/2022,583,585,581,581.9,100163
4/26/2022,584.6,587.8,582.5,582.9,81089
4/25/2022,587.8,587.8,583.2,584.6,72503
4/21/2022,582.9,582.9,579.3,579.9,165403
4/20/2022,579.9,581,577,578.9,74376
4/19/2022,574,582,571.2,579.4,174386
4/18/2022,573.6,579.9,571.1,574.1,103354
4/13/2022,576.3,586.7,570.5,576.4,129033
4/12/2022,576.1,579.8,575.1,576.3,38859
4/11/2022,578.2,584,574.5,579.7,42286
4/7/2022,578.9,580,574.5,576.1,56793
4/6/2022,582,582,578.2,578.9,50258
4/5/2022,583.5,583.5,581,581.8,71063
4/4/2022,589,589,583.9,584,61128
3/31/2022,580.1,587,580.1,584.5,85417
3/30/2022,582.8,586,580.1,580.7,61399
3/29/2022,589.7,589.7,582.4,582.8,116596
3/28/2022,585.8,586,584.4,585.1,123647
3/24/2022,589.1,589.5,585.4,586.1,71681
3/23/2022,589.6,593,588,589.1,70403
3/22/2022,590,590.9,585.2,589.6,66911
3/21/2022,586.8,590.7,582,588.4,56012
3/16/2022,593.2,596.8,593.2,595.3,79277
3/15/2022,593,595,591.7,592.6,101214
3/14/2022,589,593.8,587.4,590.7,96161
3/10/2022,575,589,575,579.1,166829
3/9/2022,570,579,567,573.8,209244
3/8/2022,573.4,578.5,550.1,566.7,330911
3/7/2022,593.1,594,572.5,573.4,293089
3/2/2022,613.3,613.4,610.1,612.3,279298
3/1/2022,611.1,616.8,611,613.8,168068
2/28/2022,608,620,608,614.1,262657
2/24/2022,624,629.4,615,616.8,240390
2/23/2022,610.5,626.9,610.1,623.6,119694
2/22/2022,616.3,616.4,610,610.6,327901
2/17/2022,626.1,626.1,621.6,622.8,204237
2/16/2022,630,630,625.1,626.3,181803
2/15/2022,632.5,633.8,626.5,628.6,191090
2/14/2022,638.5,639.9,632,634.2,177274
2/10/2022,635,635,605,627.5,806293
2/9/2022,650,650,642,644.5,364353
2/8/2022,655,655.9,645.1,646,662371
2/7/2022,678,678,652,654.5,630790
2/3/2022,653,660.9,649.6,650.8,487922
2/2/2022,651,652.1,648.5,649,157557
2/1/2022,649.2,653,645.2,649.7,273337
1/31/2022,653,653.5,648.7,649.2,228788
1/27/2022,660,660,651.2,656,303994
1/26/2022,662.8,663,658,658.9,206902
1/25/2022,673.9,674.7,659,660.3,377423
1/24/2022,670,680,666.1,672.5,479782
1/20/2022,645,648.3,644.8,645.9,130472
1/19/2022,645,650,644.7,645.9,148785
1/18/2022,647,650.9,645.9,646.2,203847
1/17/2022,650.9,650.9,646.4,647,175416
1/13/2022,649.6,652,647,649.6,122244
1/12/2022,651,654.8,647.6,649.1,186257
1/11/2022,651,655.1,648.6,650.5,227101
1/10/2022,650,655.2,648.8,649.9,185612
1/6/2022,651.2,658,649.1,655.5,214376
1/5/2022,649,653.1,647,651.2,156364
1/4/2022,650,652,646.8,647.4,95460
1/3/2022,647.3,660,646.1,652.9,283257
12/30/2021,634.8,639.8,632.7,635.6,95882
12/29/2021,640,647,630.8,634.5,120326
12/28/2021,624,640,624,637.2,88461
12/27/2021,626.3,633.7,622.5,623.8,167286
12/23/2021,639.9,640.6,635.1,635.9,107086
12/22/2021,641,641,638.7,639.7,126167
12/21/2021,640,642.8,638.6,640.1,98790
12/20/2021,645.6,651,638.1,639,156303
12/15/2021,650.7,658.5,648.5,657.4,169674
12/14/2021,655.5,661,649,650.7,182514
12/13/2021,666,666,652.5,655.4,136237
12/9/2021,644.8,652.3,642,650.2,275429
12/8/2021,646.1,646.1,640,640.8,147658
12/7/2021,648,655.5,645.1,646.1,192803
12/6/2021,642.5,647.7,639,646.3,142505
12/2/2021,626.1,633.2,622,631.4,152992
12/1/2021,621.2,630.5,621.2,626.1,100219
11/30/2021,626.8,626.8,619.5,620.4,554312
11/29/2021,627.1,628.1,624.9,626.7,116877
11/25/2021,629.5,632.5,620.3,628,176023
11/24/2021,640,641.9,628.9,629.3,170846
11/23/2021,635.2,644.8,633.2,634.2,217223
11/22/2021,648.2,648.2,631,634.8,295947
11/18/2021,622.3,639.5,620,635.3,464464
11/17/2021,611.1,625,611,618.5,320217
11/15/2021,611,621,607,619.2,249713
11/11/2021,627.5,629.8,618,619.1,296706
11/10/2021,624.8,627.3,619,623.5,265051
11/9/2021,620,629.8,617,618.6,321581
11/8/2021,639.5,639.9,620,623.4,465540
11/4/2021,602,620,588.1,616.4,842178
11/3/2021,630,630,601,606.4,714157
11/2/2021,640,645,631.1,632.6,524286
11/1/2021,641.7,659,635,649.3,494013
10/28/2021,674,674.9,650.6,654.8,764254
10/27/2021,697.7,697.7,670.1,672.4,993688
10/26/2021,689,700,669,697.7,674276
10/25/2021,709.3,710,685,688.7,918005
10/21/2021,730,733.8,695.3,717.3,593718
10/19/2021,730,743,720.5,725,517667
10/18/2021,748.1,754,720,732.7,902986
10/14/2021,715,724.9,710.6,719.8,562016
10/13/2021,700,724.5,698,712.7,842496
10/12/2021,703,704,697.2,699.7,524544
10/11/2021,699.9,703.8,698,699.6,795175
10/7/2021,679.9,685.9,676.5,684,326251
10/6/2021,685,685,675.5,678.9,478706
10/5/2021,685.1,690,676,681.9,406736
10/4/2021,678,703,678,685.6,1034309
9/30/2021,651.6,653.9,650,651,497180
9/29/2021,652.8,654.5,651.4,652.2,317759
9/28/2021,656,658,651.4,652.6,308396
9/27/2021,650.3,655,648.8,653.3,444147
9/23/2021,651,653.1,648,651.8,303941
9/22/2021,654,655,648.2,649.9,378019
9/21/2021,648.1,655.7,645.2,653.3,362869
9/20/2021,649,652,646.1,648,383951
9/16/2021,657.2,662,652.6,656.2,443751
9/15/2021,652.5,658.9,634.3,657,663831
9/14/2021,657,663,651,652.5,602041
9/13/2021,664.5,664.9,652.1,658.2,585971
9/9/2021,660.3,664,639.6,658.8,1047920
9/8/2021,660,675,653,660.2,1321488
9/7/2021,607,650.8,606.2,649,1905162
9/6/2021,596.2,608,596.2,605.4,921005
9/2/2021,587,590.8,582.3,585.1,584841
9/1/2021,585,595.4,585,586.7,834927
8/31/2021,570,584.8,569.5,582.5,1105049
8/26/2021,569.4,570.5,568.1,569.6,358531
8/25/2021,568.9,572.5,568.5,569.4,329620
8/24/2021,569,569,565,568.1,251054
8/23/2021,562.7,571,562,567.7,372310
8/19/2021,566.5,567.5,562.8,563.6,347713
8/18/2021,570,570,564.6,566.2,350680
8/17/2021,569,570.7,564.8,567.6,479063
8/16/2021,572.4,574,568,568.6,412235
8/12/2021,573,574,569.5,572.3,429544
8/11/2021,570,575.3,566.5,572.9,418028
8/10/2021,570.9,574.9,568.5,571.3,588218
8/9/2021,568,575,562,569.1,632653
8/5/2021,568.9,569.8,566.7,567.5,572410
8/3/2021,570.5,574,568.1,568.9,308130
8/2/2021,569.8,572,567.4,570.5,406511
7/29/2021,573,574.4,564,567.2,487643
7/28/2021,566.2,570,561.3,565.7,289738
7/27/2021,578,578,564.1,566.2,628355
7/26/2021,585,590,575.6,577.9,688354
7/19/2021,558,562.3,554.3,560.3,425822
7/15/2021,545.4,550,545.4,548.5,243238
7/14/2021,543.6,548.5,543.6,545.4,301545
7/13/2021,543.1,550.9,541.1,543.6,251931
7/12/2021,540.1,543,539.5,540.7,201727
7/8/2021,539.4,541,538.3,540,309397
7/7/2021,540.5,542.6,538,539.4,306430
7/6/2021,548,549.1,538.5,540.4,346681
7/5/2021,538.3,548,538.3,546.9,322689
6/30/2021,535,540.5,534,539.1,227029
6/29/2021,536.9,536.9,533.5,534.3,197520
6/28/2021,531.7,534.8,531,533.1,230462
6/24/2021,538,540.5,534.9,539.2,209133
6/23/2021,542.2,544.6,537.5,538,237327
6/22/2021,549.9,550,541.2,542.1,383692
6/21/2021,538,548.3,535.4,546.3,393223
6/17/2021,530.2,538.5,529.6,533.1,180533
6/16/2021,534,534,527,529.5,259081
6/15/2021,533,533.9,529,529.5,382684
6/14/2021,534.1,537,532.5,532.9,194675
6/10/2021,533.8,534.7,531.5,532.7,304334
6/9/2021,537,538,532.2,533.8,325630
6/8/2021,540.2,542.5,535.5,536.2,372315
6/7/2021,545,545.2,539.7,540.2,389051
6/3/2021,544.5,552,543.5,544.1,401810
6/2/2021,547.2,547.2,543,544.6,421621
6/1/2021,544.3,550,544.1,547.2,350566
5/31/2021,550,550,541.5,543.4,413560
5/27/2021,569,569,552,553.2,823911
5/25/2021,567,569,559.1,560.2,477489
5/24/2021,558,570,558,566,504300
5/20/2021,563.1,565.9,555.1,557.8,491159
5/19/2021,571,576.5,560.8,563.1,770927
5/18/2021,556,575,555.1,570,1215913
5/17/2021,542.5,558.9,540,554.6,753504
5/12/2021,549.8,549.8,535.2,541.6,566240
5/11/2021,550,557,543.1,547.9,808798
5/6/2021,518.1,523,518,520.8,524609
5/5/2021,518.5,519,518,518,416912
5/4/2021,520,522.8,518,518.3,430896
5/3/2021,519.3,526,518.7,519.9,293591
4/29/2021,518.2,519,518,518.2,748225
4/28/2021,520.8,520.8,518,518.4,614848
4/27/2021,522,522,518.6,519.7,603062
4/26/2021,525.1,525.5,520.1,520.9,601452
4/22/2021,525.8,526.4,523,523.6,436431
4/21/2021,524,529,524,525.6,416641
4/20/2021,522.9,525,520,523,627988
4/19/2021,520,527.8,518.1,522.9,524179
4/15/2021,525.2,531.1,525.2,529.5,80875
4/13/2021,526.1,531.9,526,530.4,140024
4/12/2021,529.9,533.9,525.3,529.3,92658
4/8/2021,521,533.6,521,529.4,124240
4/7/2021,537.4,547.8,531.5,533.4,206009
4/6/2021,529.3,540.3,527,537.4,137018
4/5/2021,523.7,531.8,523.7,526.5,119061
4/1/2021,529,529,524,526.8,233488
3/31/2021,535.4,535.4,528,529,207726
3/29/2021,542.2,543,534.5,535.4,199578
3/25/2021,540.1,552,539.9,542.2,240336
3/24/2021,549.8,552,536.2,546.8,171870
3/23/2021,565,574,548,549.8,280221
3/22/2021,530,567,523.2,560.5,264540
3/18/2021,539.5,539.5,530,532.4,223539
3/16/2021,553.2,558.3,538,539.9,348653
3/15/2021,556.2,559,549.8,552.8,265568
3/11/2021,570,579.9,567.9,570.4,251380
3/10/2021,575,584,558.1,567.8,549174
3/9/2021,588,588,571.3,574.7,618494
3/8/2021,605,619.9,582.4,592.8,1096052
3/4/2021,556.8,556.8,556.8,556.8,396608
3/2/2021,516.67,521.67,514.17,518,2021840.941
3/1/2021,516.67,516.67,508.53,515.33,1221737.965
2/25/2021,512,512,504.7,509.03,814079.9764
2/24/2021,509.67,512.67,505.67,507.57,678191.9803
2/23/2021,515,517.2,502,504.03,731168.9788
2/22/2021,532.97,532.97,511.33,512.43,619679.982
2/18/2021,543.67,546.33,528.67,530.77,771764.9776
2/17/2021,543.67,550,530.07,534.3,1179875.966
2/16/2021,491.67,549.97,491.67,540.5,1989380.942
2/15/2021,533,533,515,518.23,1890482.945
2/11/2021,599.67,599.9,537,566.77,4706180.864
2/10/2021,502.87,526.67,495.5,503.23,1139180.967
2/9/2021,499.3,508,483.33,497.67,771776.9776
2/8/2021,533.77,536.67,498.9,498.97,1074254.969
2/4/2021,549,566.2,546.67,566.2,1467500.957
2/3/2021,516.67,533.97,513.77,532.9,1119275.968
2/2/2021,498.33,506.67,486.67,502.57,960656.9721
2/1/2021,518.67,524,493.33,496.17,1080941.969
1/28/2021,543.33,552.1,528.33,534.17,1057433.969
1/27/2021,513.33,533,510,529.77,925688.9732
1/26/2021,480.67,509.37,480.67,502.03,724574.979
1/25/2021,474.97,482.23,472.03,479.43,455918.9868
1/21/2021,473.33,478.33,468.33,474.8,338876.9902
1/20/2021,474,479.53,467.73,470.13,422786.9877
1/19/2021,473.33,478.33,467.03,472.77,296321.9914
1/18/2021,483.67,485,467,471.17,652445.9811
1/14/2021,450,471,450,462.77,996929.9711
1/13/2021,436,450,436,445.83,800741.9768
1/12/2021,419.17,433.8,419.17,433.17,489464.9858
1/11/2021,413.3,419.33,410.67,417.67,285791.9917
1/7/2021,400,413.33,399.97,402.63,168038.9951
1/6/2021,404.43,406.67,394.67,399.5,361130.9895
1/5/2021,423.33,425,403,404.43,509192.9852
1/4/2021,419.33,431.5,407,417.4,547265.9841
12/30/2020,388.67,399.83,388.67,393.6,573338.9834
12/29/2020,373.87,388.33,373.87,386.6,448421.987
12/28/2020,371.33,375,367.37,373.9,490892.9858
12/24/2020,359.43,362.67,356.67,359.47,211487.9939
12/23/2020,362,363.27,357.67,359.43,225524.9935
12/22/2020,365.33,365.67,360.33,361.8,287069.9917
12/21/2020,362.03,369.67,362.03,365.17,160304.9954
12/17/2020,374.97,376.67,367,369.73,168908.9951
12/15/2020,365.33,380.67,361.67,372.07,483557.986
12/14/2020,370,374,364.9,366.13,311489.991
12/10/2020,350.07,356.63,350.07,353.33,154448.9955
12/9/2020,352.67,352.67,348.67,350.07,96731.99719
12/8/2020,354.67,354.67,348.33,349.73,81452.99764
12/7/2020,355,357.13,350.17,350.87,189005.9945
12/3/2020,356.47,358.5,349.97,353.93,172007.995
12/2/2020,344.07,353.3,343.67,352.5,113546.9967
12/1/2020,343.33,345.6,343,344.07,72731.99789
11/30/2020,343.33,343.97,340.4,343.3,57956.99832
11/26/2020,344.4,346.33,344.33,344.67,140432.9959
11/25/2020,345.2,346.6,344.2,344.4,48941.99858
11/24/2020,344.73,346.67,344.73,345.13,104696.997
11/23/2020,346.33,347.33,340,344.73,79721.99769
11/19/2020,347.03,352.67,345.3,350.3,117173.9966
11/18/2020,353.33,353.33,346.33,347.83,177410.9949
11/17/2020,353.43,356.67,343.33,352.57,145277.9958
11/16/2020,353.47,356.67,353,355.43,119402.9965
11/12/2020,365,365,353,355.9,227039.9934
11/10/2020,372,372.1,367.67,369.13,162992.9953
11/9/2020,369.33,389.67,369.33,371.77,121412.9965
11/5/2020,365,367.33,361.73,365.8,181031.9948
11/4/2020,362.67,365.33,362.33,362.43,80687.99766
11/3/2020,363,365,361.07,361.97,255695.9926
11/2/2020,364,368.33,361.67,361.83,254237.9926
10/29/2020,363.03,363.63,360.5,362.13,104321.997
10/28/2020,366.03,366.67,362.33,363.03,197165.9943
10/27/2020,365.93,368,364.33,366,126845.9963
10/22/2020,372.33,379.9,369,369.9,229718.9933
10/21/2020,367.33,373.67,367.33,372.13,146882.9957
10/20/2020,375,376.93,366.63,367.23,314654.9909
10/19/2020,375.33,377.37,371.67,372.3,136541.996
10/15/2020,363.3,370,362.67,368.4,113885.9967
10/14/2020,359.33,362.97,357.07,361.77,90305.99738
10/13/2020,356.67,358.33,353.33,357,81209.99764
10/12/2020,357.17,363.33,350,356.63,108791.9968
10/8/2020,364.9,364.9,356.83,358.83,52862.99847
10/7/2020,357.17,366.63,353.33,359.97,136997.996
10/6/2020,363.43,364.33,353.33,357.17,190937.9945
10/5/2020,367.43,367.47,362.67,363.43,109442.9968
10/1/2020,373.67,375.33,371.4,372.9,89414.99741
9/30/2020,373.33,376.33,370.67,373.53,131705.9962
9/29/2020,363.67,373.37,363.67,372.63,121823.9965
9/28/2020,367.33,367.67,360.33,363.5,175490.9949
9/24/2020,381.33,383.3,371.67,373.67,203849.9941
9/23/2020,380,387.03,379.33,381.73,155657.9955
9/22/2020,384.67,385,378.33,380.03,288479.9916
9/21/2020,392,392,383.4,384.83,188711.9945
9/17/2020,397,400.93,393.33,398.2,377174.9891
9/16/2020,388.33,401.67,385.2,397,520619.9849
9/15/2020,370.33,386.67,370.33,384.33,374408.9891
9/14/2020,351,370.33,351,369.4,291617.9915
9/10/2020,360,363.4,358,359.97,154757.9955
9/9/2020,356.67,361.93,356.67,359.2,223139.9935
9/8/2020,359,359.83,354.97,356.5,154274.9955
9/7/2020,356,361.67,355.17,358.53,179120.9948
9/3/2020,361.2,366.33,356.33,357.87,211751.9939
9/2/2020,353.33,362.03,348.4,361.2,266870.9923
9/1/2020,338.33,364.67,338.33,351.27,353918.9897
8/31/2020,364.67,368.33,357,358.47,376283.9891
8/27/2020,365,370,360,364.7,552155.984
8/26/2020,340.73,362,340.73,362,524804.9848
8/25/2020,341.33,345.4,338.33,340.73,333953.9903
8/24/2020,333.33,343.33,333.33,340.2,531374.9846
8/20/2020,316.7,319.13,315.67,317.47,301112.9913
8/19/2020,316.6,321,315.43,316.13,265916.9923
8/18/2020,313.73,319.33,312.2,313.7,326852.9905
8/17/2020,321.37,323.33,312.7,313.73,836396.9757
8/13/2020,321.33,328.33,318.33,319.3,701984.9796
8/12/2020,307.3,321.33,307.3,318.9,820505.9762
8/10/2020,310,311.67,304.03,307.2,942863.9727
8/6/2020,302.53,302.53,302.53,302.53,129686.9962
8/5/2020,302.53,302.53,302.53,302.53,129935.9962
8/4/2020,302.53,302.53,302.53,302.53,236702.9931
8/3/2020,302.53,302.53,302.53,302.53,133142.9961
7/30/2020,302.53,302.53,302.53,302.53,153998.9955
7/29/2020,302.53,302.57,302.53,302.53,270548.9922
7/28/2020,305,306.33,302.53,302.53,414617.988
7/27/2020,315.33,316.07,303.43,305,385988.9888
7/23/2020,302.53,302.53,302.53,302.53,59321.99828
7/22/2020,302.53,302.53,302.53,302.53,6785.999803
7/21/2020,302.53,302.53,302.53,302.53,14753.99957
7/20/2020,302.53,302.53,302.53,302.53,3788.99989
7/16/2020,302.53,302.53,302.53,302.53,2417.99993
7/15/2020,302.53,302.53,302.53,302.53,21638.99937
7/14/2020,302.53,302.53,302.53,302.53,9326.99973
7/13/2020,302.53,302.53,302.53,302.53,29576.99914
7/9/2020,302.53,302.53,302.53,302.53,96002.99722
7/8/2020,302.53,302.53,302.53,302.53,11792.99966
7/7/2020,302.53,302.53,302.53,302.53,2708.999921
7/6/2020,302.53,302.53,302.53,302.53,4136.99988
7/2/2020,302.53,302.53,302.53,302.53,41087.99881
6/30/2020,302.53,302.53,302.53,302.53,6029.999825
6/29/2020,302.53,302.53,302.53,302.53,8576.999751
6/25/2020,302.53,302.53,302.53,302.53,7814.999773
6/24/2020,302.53,302.53,302.53,302.53,977.9999716
6/23/2020,302.53,302.53,302.53,302.53,3059.999911
6/22/2020,302.53,302.53,302.53,302.53,1967.999943
6/18/2020,302.53,302.53,302.53,302.53,23207.99933
6/17/2020,302.53,302.53,302.53,302.53,6605.999808
6/16/2020,302.53,302.53,302.53,302.53,2321.999933
6/15/2020,302.53,302.53,302.53,302.53,584.999983
6/11/2020,302.53,302.53,302.53,302.53,5498.999841
6/10/2020,302.53,302.53,302.53,302.53,5741.999833
6/9/2020,302.53,302.53,302.53,302.53,4676.999864
6/8/2020,302.53,302.53,302.53,302.53,5711.999834
6/4/2020,302.53,302.53,302.53,302.53,7466.999783
6/3/2020,302.53,302.53,302.53,302.53,14429.99958
6/2/2020,302.53,302.53,302.53,302.53,9287.999731
6/1/2020,302.53,302.53,302.53,302.53,45071.99869
3/25/2020,302.53,302.53,302.53,302.53,62387.99819
3/24/2020,302.53,302.53,302.53,302.53,4628.999866
3/23/2020,302.53,302.53,302.53,302.53,31634.99908
3/19/2020,298,298,297.87,297.87,12605.99963
3/18/2020,299.93,299.97,273.87,276.23,240059.993
3/16/2020,309,309,290.5,291.47,260018.9925
3/11/2020,318.33,325,316.67,320.73,148616.9957
3/10/2020,305.13,320.67,303.33,317.7,72410.9979
3/9/2020,320.33,320.33,303.33,305.13,210410.9939
3/5/2020,326.67,331.3,324.33,326.6,82535.99761
3/4/2020,333.4,336.67,329,329.53,144848.9958
3/3/2020,330,335,329.27,332.47,78761.99772
3/2/2020,323.67,331.67,321,329.27,86300.9975
2/27/2020,337.33,338.33,328.33,328.8,153995.9955
2/26/2020,343.4,343.4,336.67,337.07,150137.9956
2/25/2020,349.33,349.33,340,343.37,194102.9944
2/24/2020,355.67,355.67,348.9,349.3,191327.9945
2/20/2020,363,366.63,358,359,177242.9949
2/19/2020,370,370,361.83,362.6,201776.9941
2/18/2020,368.33,372,363.33,365.37,341267.9901
2/17/2020,371.67,372.33,362.67,366.47,385031.9888
2/13/2020,354.67,361.67,353.33,359.73,109823.9968
2/12/2020,356.67,358.67,351.73,352.47,87209.99747
2/11/2020,348.67,356.67,348.67,352.23,61202.99823
2/10/2020,351.63,351.67,343.17,345.3,70709.99795
2/6/2020,350.33,356.33,350.03,354.37,52511.99848
2/5/2020,358.3,358.3,350,353,64502.99813
2/4/2020,362,362,354.97,355.57,125246.9964
2/3/2020,366,366,360,360.5,74858.99783
1/30/2020,361.7,361.7,350.33,357.8,127859.9963
1/29/2020,376.67,378.33,358.67,361.7,263276.9924
1/28/2020,370,377,369,375.13,255368.9926
1/27/2020,360,369.77,357.63,368.57,274877.992
1/23/2020,333.33,345.33,332.43,343.9,149825.9957
1/22/2020,327.03,333.3,324.77,331.7,85034.99753
1/21/2020,320.03,327.93,317.07,324.2,107153.9969
1/20/2020,333,333.33,322.37,323.7,254018.9926
1/16/2020,296.4,303.3,296.07,300.97,129902.9962
1/15/2020,296.63,303.93,295.27,296.37,104372.997
1/14/2020,302.7,302.7,289.43,293.13,130268.9962
1/13/2020,313.33,313.33,302.03,302.93,78074.99774
1/9/2020,320.03,320.37,303.47,309.5,98732.99714
1/8/2020,327.67,327.67,317.17,318.67,76538.99778
1/7/2020,328.33,330,324.73,325.2,55286.9984
1/6/2020,332.33,333.33,328.03,328.23,85076.99753
1/2/2020,328.33,332.33,327.4,328,94484.99726
1/1/2020,326.67,328.33,323.67,327.97,57074.99834
12/30/2019,324.33,326.2,323,323.3,95771.99722
12/26/2019,319.33,322.33,318.17,318.7,56981.99835
12/24/2019,320.97,325.67,316.73,318.17,84833.99754
12/23/2019,323.43,325.33,320.37,320.93,69425.99799
12/19/2019,328.7,331.33,325.8,326.4,98441.99715
12/18/2019,334.93,334.93,323.67,328.5,91193.99736
12/17/2019,337.73,339.97,332.33,332.8,72005.99791
12/12/2019,336.33,341.67,336.3,337.47,101375.9971
12/11/2019,341.67,342.67,334.7,336.27,111734.9968
12/10/2019,350,350,339.47,341.33,128141.9963
12/9/2019,358.33,358.33,346.37,346.83,163343.9953
12/5/2019,357.77,359.17,357.07,357.43,53690.99844
12/4/2019,359.7,362.97,356.7,357.23,73673.99786
12/3/2019,362.97,363.33,358.47,359.7,59135.99829
12/2/2019,363,365,360,361.7,70514.99796
11/28/2019,360,361.87,357,357.53,64931.99812
11/27/2019,363,363.33,359.33,359.67,95021.99724
11/26/2019,363.57,363.57,360.37,360.67,76370.99779
11/25/2019,365.5,366.67,362.33,363.43,75698.9978
11/21/2019,363.33,365,360.5,361.27,44120.99872
11/20/2019,363.33,364.93,360.17,361.03,45413.99868
11/19/2019,364.2,364.2,361.37,361.73,86702.99749
11/18/2019,364.7,367.67,363.5,364.2,79235.9977
11/14/2019,368.63,370,364.73,366.47,92897.99731
11/13/2019,372.1,372.1,367.07,368.63,75851.9978
11/12/2019,376.57,376.57,371.67,372.1,84368.99755
11/11/2019,378.3,378.3,373.7,375.77,118481.9966
11/7/2019,378.33,378.63,375,375.43,55274.9984
11/6/2019,379.67,379.97,374.53,375.53,50450.99854
11/5/2019,376.67,378.33,374.4,375.13,50153.99855
11/4/2019,383.3,383.3,375.33,376.27,62450.99819
10/31/2019,376.3,385.07,374.63,383.17,321323.9907
10/30/2019,373.67,376.67,372.37,374.57,104963.997
10/29/2019,371.87,375,370.67,373.17,61781.99821
10/28/2019,370,377.33,369.67,373,141581.9959
10/24/2019,356.33,366.33,352.33,364.03,55472.99839
10/23/2019,355.83,357.67,350,352.47,59978.99826
10/22/2019,365.7,367.53,353.33,355.83,141938.9959
10/21/2019,375.87,375.87,364.37,365.7,126389.9963
10/17/2019,366.67,368.33,365.7,366.77,85661.99752
10/16/2019,373,373,365.33,366.27,64154.99814
10/15/2019,369.33,371.67,365.67,369.9,88175.99744
10/14/2019,372.6,372.6,365.07,367.13,53984.99843
10/10/2019,371.67,373.67,368.67,369.43,55283.9984
10/9/2019,377.63,378.33,370,371.1,67931.99803
10/7/2019,380.7,382.37,377.4,378.07,60740.99824
10/3/2019,381.03,382.67,379.67,380.3,36773.99893
10/2/2019,382.9,382.9,380.03,380.4,39095.99887
10/1/2019,384.33,386.3,380.5,381.07,57917.99832
9/30/2019,388.93,388.93,383,383.37,58355.99831
9/26/2019,393.33,394,388.4,389.73,75338.99782
9/25/2019,394.4,395,389.37,390.37,88517.99743
9/24/2019,399.4,400,393.7,394.3,113225.9967
9/23/2019,393.3,401.67,390.33,399.4,143591.9958
9/19/2019,385,393.23,380,380.6,136571.996
9/18/2019,395,396.47,381.17,383.2,120770.9965
9/17/2019,395,410,391,392.73,336905.9902
9/16/2019,367.2,390.1,367.2,388.6,251870.9927
9/12/2019,380,380,369.67,372.87,125555.9964
9/11/2019,385.7,389.67,378.33,379.5,185897.9946
9/9/2019,390,390.33,384,384.47,171731.995
9/5/2019,393.33,394.67,390,390.83,99455.99712
9/4/2019,397.3,397.3,390,390.43,138008.996
9/3/2019,402.53,402.53,397,397.27,102035.997
9/2/2019,406.67,406.67,401.67,401.9,108806.9968
8/29/2019,408,410,401.67,403.27,97496.99717
8/28/2019,383,418.33,383,408,198071.9943
8/27/2019,390.33,400,390,398.67,132362.9962
8/26/2019,396.67,399.33,387,390.53,123410.9964
8/22/2019,404.23,404.23,400.53,401.2,149177.9957
8/21/2019,404.6,406.93,403.33,403.57,90173.99738
8/20/2019,407.33,407.67,405.03,405.5,130859.9962
8/19/2019,407.83,410,406.03,406.7,140357.9959
8/8/2019,407.67,410,402.7,409.13,76916.99777
8/7/2019,409.37,411.27,404.97,405.67,125783.9964
8/6/2019,410.17,412.17,408.4,409.23,171524.995
8/5/2019,411.7,414.57,409.47,409.77,96845.99719
8/1/2019,410.47,416.7,409.33,412.83,130505.9962
7/31/2019,413.67,418.33,407.4,410.17,151769.9956
7/30/2019,433.33,433.33,412.27,416.87,227618.9934
7/29/2019,441.67,446.67,438.37,439.73,82616.9976
7/25/2019,417.7,433.33,417.7,432.7,98603.99714
7/24/2019,419.33,419.33,412.37,417.07,43817.99873
7/23/2019,409.33,419.97,409.33,418.3,58232.99831
7/22/2019,417.53,419,403.33,406.57,155567.9955
7/18/2019,424.2,428.33,424.17,425,55172.9984
7/17/2019,428,429.4,424.37,424.8,82895.9976
7/16/2019,426.8,430,423.33,427.9,52196.99849
7/15/2019,430,433.23,423.67,424.1,84989.99754
7/11/2019,433,434.97,431,433.27,52640.99847
7/10/2019,436.7,438.33,430.7,432.1,80174.99767
7/9/2019,438.7,443.23,435.57,436.6,72827.99789
7/8/2019,438,444.33,435.9,438.37,69575.99798
7/4/2019,448,448.37,441.67,442.07,106112.9969
7/3/2019,452.33,452.33,447.4,447.83,60518.99824
7/2/2019,457.67,458,448.4,449.43,96584.9972
6/27/2019,451.33,461.67,449.07,449.97,193943.9944
6/26/2019,450,457.67,448.03,450.87,121922.9965
6/25/2019,450,450,447,448.07,52415.99848
6/24/2019,449,450.6,448.7,449.67,83183.99759
6/20/2019,455,456.63,451.73,452.63,74567.99784
6/19/2019,459.37,462.63,455,455.93,60098.99826
6/18/2019,461.47,461.5,454,459.17,58103.99831
6/17/2019,467.17,472,453.33,455.93,164144.9952
6/13/2019,468.33,470,464.7,467,138929.996
6/12/2019,473.33,476.47,467.13,467.97,131021.9962
6/11/2019,471.67,475.67,471.23,472.67,116801.9966
6/10/2019,466,477.67,466,471.2,283154.9918
5/30/2019,443.67,445.63,439,441.97,104261.997
5/29/2019,446.67,451,441.7,443.1,167693.9951
5/28/2019,421.63,445.77,416.67,443.77,244796.9929
5/27/2019,420.33,421.67,413.67,419.57,209993.9939
5/23/2019,445,446,444.67,444.97,29861.99913
5/22/2019,446.67,447.17,444.4,444.87,31793.99908
5/21/2019,449,450,444.33,445.23,33035.99904
5/20/2019,451.67,451.67,448.67,449.13,25256.99927
5/16/2019,452.3,452.33,445.67,447.3,21764.99937
5/15/2019,451.23,453.33,446.67,447.23,31160.9991
5/14/2019,461,461,450.33,451.17,31868.99908
5/13/2019,459.6,459.7,455.37,455.77,29756.99914
5/9/2019,462.67,464.7,460.33,461.1,21923.99936
5/8/2019,464.37,464.37,458.03,461.8,24842.99928
5/7/2019,479.57,479.57,463.7,464.37,59186.99828
5/6/2019,483.33,483.33,470,475.97,43670.99873
5/2/2019,455,466.33,455,456.53,68384.99802
4/30/2019,445,462.3,444.8,456.93,59258.99828
4/29/2019,468.33,468.33,443.67,447.13,66032.99809
4/25/2019,480,482.5,477.37,478.97,40598.99882
4/24/2019,485.9,485.93,477.67,479.93,51425.99851
4/23/2019,493,493.33,485.73,486.37,55577.99839
4/18/2019,488.73,495,488.73,492.27,49418.99857
4/17/2019,493.53,501.67,487.4,488.73,61880.99821
4/16/2019,506.67,506.67,488.53,493.53,101432.9971
4/15/2019,511,516.63,500.33,501.63,96989.99719
4/11/2019,503.07,514.57,502.9,510.87,103307.997
4/10/2019,520,520,499.17,502.9,168764.9951
4/9/2019,557.77,557.77,522.93,523.17,387581.9888
4/8/2019,572.63,572.63,546.7,557.77,1016777.971
4/3/2019,514.78,516.67,505.46,507.28,741086.957
4/2/2019,504.91,520.56,504.91,511.93,483812.9719
4/1/2019,505.56,510,503.23,504.39,695699.9596
3/28/2019,504.56,505,497.06,498.12,529613.9693
3/27/2019,516.67,516.67,503.12,503.77,526418.9695
3/25/2019,517.62,517.67,510.9,511.23,381311.9779
3/21/2019,520.46,526.67,515.78,517.57,323072.9813
3/20/2019,527.78,527.78,516.89,520.46,380312.9779
3/19/2019,547.22,547.22,522.22,524.54,555308.9678
3/18/2019,538.89,557.2,535.44,544.91,585305.9661
3/14/2019,505.49,530.76,503.89,530.74,1021139.941
3/13/2019,512.22,512.22,498,505.49,862532.95
3/12/2019,566.67,611.11,505.12,508.89,1432097.917
3/11/2019,455.56,458.89,437.9,438.83,137816.992
3/7/2019,418.33,418.33,411.78,416.73,19772.99885
3/6/2019,417.77,417.77,412.23,416.17,3536.999795
3/5/2019,422.21,422.21,408.89,412.72,9782.999433
3/4/2019,418,419.78,405.56,419.7,77480.99551
2/27/2019,396.67,416.67,396.67,413.03,1592.999908
2/26/2019,402.22,405.44,402.22,404.66,1925.999888
2/25/2019,405.56,407.22,405.44,405.82,9611.999443
2/20/2019,407.22,407.57,388.89,405.47,12689.99926
2/19/2019,407.66,407.66,407.66,407.66,8.999999478
2/18/2019,408.89,410,403.89,406.67,8513.999506
2/14/2019,400.22,407.22,400,406.18,11906.99931
2/13/2019,411.09,411.09,400.02,405.87,16424.99905
2/12/2019,406.11,414.33,406.11,407.24,1763.999898
2/11/2019,412.78,413.33,410,412.46,73997.99571
2/7/2019,402.78,406.56,402.78,405.48,7685.999554
2/6/2019,394.44,401.11,393.34,400.08,37997.9978
2/5/2019,394.33,394.44,392.22,393.32,10448.99939
2/4/2019,394.44,394.44,391.46,391.87,5840.999661
1/31/2019,394.44,399.97,388.89,396.38,39716.9977
1/30/2019,383.34,390,381.11,388.94,15677.99909
1/29/2019,383.89,384.67,383.89,384.57,2348.999864
1/28/2019,383.33,387.78,383.33,386.56,12203.99929
1/24/2019,383.52,384.47,383.52,384.38,1421.999918
1/23/2019,383.34,388.78,382.28,383.52,2888.999832
1/22/2019,383.89,384.56,383.33,383.34,18404.99893
1/21/2019,386.67,387.44,384.01,384.28,8360.999515
1/17/2019,383.96,383.96,383.96,383.96,53.99999687
1/16/2019,386.78,393.22,383.56,383.96,25370.99853
1/15/2019,399.99,399.99,386.71,388.27,5849.999661
1/14/2019,390,400,390,391.91,14642.99915
1/10/2019,382.52,385,382.52,384.22,2078.999879
1/9/2019,381.59,386.53,381.59,383.63,49922.9971
1/8/2019,381.52,385.51,381.48,383.34,16487.99904
1/7/2019,383.36,384.44,383.17,383.59,16496.99904
1/3/2019,383.34,384.44,383.33,383.34,2708.999843
1/2/2019,384.81,385.56,384.8,384.91,9098.999472
1/1/2019,390.24,390.24,388.89,389.38,3140.999818
12/27/2018,393.22,394.44,388.89,393.52,18449.99893
12/26/2018,392,394.44,385.56,392.94,51722.997
12/24/2018,384.56,392.22,384.56,391.66,12140.9993
12/20/2018,380,388.88,376.78,384.08,270251.9843
12/19/2018,377.6,381.11,377.6,380.88,142928.9917
12/18/2018,377.16,377.52,372.23,374.94,1115.999935
12/17/2018,374.89,377.78,374.44,377.46,2825.999836
12/13/2018,377.78,383.12,376.11,377.61,5606.999675
12/12/2018,384.56,388.59,377.78,385.68,20681.9988
12/11/2018,372.36,390.2,371.11,387.09,157823.9908
12/10/2018,368.22,374.44,366.67,371.62,133244.9923
12/6/2018,364.44,366.67,363.9,365.9,3914.999773
12/5/2018,366.67,366.67,366,366.64,2906.999831
12/4/2018,368.89,368.89,364.44,365.59,3626.99979
12/3/2018,364.58,372.73,364.44,367.61,3473.999799
11/29/2018,374.54,374.54,368,368.51,1268.999926
11/28/2018,373.78,375,372.11,373.01,2798.999838
11/27/2018,375.56,376.67,371.47,373.72,11438.99934
11/26/2018,375.56,377.78,372.22,372.38,27899.99838
11/22/2018,372.1,372.22,370.91,371.66,1592.999908
11/20/2018,369.44,372.78,367.78,370.79,332.9999807
11/19/2018,372.21,372.22,372,372.16,2870.999833
11/15/2018,372.22,372.22,366.67,367.41,1466.999915
11/14/2018,368.89,371.66,368.33,369.28,3410.999802
11/13/2018,368.33,368.4,367.96,368.2,197.9999885
11/12/2018,367.78,372.1,367.33,370.78,7973.999538
11/8/2018,367.89,367.89,367.89,367.89,89.99999478
11/7/2018,366.67,370,364.47,368.93,39257.99772
11/6/2018,365.57,368.67,365.57,365.62,503.9999708
11/5/2018,370.11,370.11,365.56,366.13,494.9999713
11/1/2018,377.44,377.44,366.67,367.53,341.9999802
10/31/2018,363.91,370.11,363.91,369.77,2681.999844
10/30/2018,370.22,370.22,364,368.19,1313.999924
10/29/2018,371.11,373.22,359.11,370.07,62.99999635
10/25/2018,371.11,371.54,363.89,367.53,647.9999624
10/24/2018,363.33,368.78,361.34,367.13,476.9999723
10/23/2018,366.67,366.67,361.79,362.34,1106.999936
10/22/2018,370.69,371.11,361.11,366.38,2042.999882
10/18/2018,373.89,373.89,368.89,372.42,1709.999901
10/17/2018,377.17,377.17,370.28,374.39,2942.999829
10/16/2018,367.78,377.66,367.78,374.17,1187.999931
10/15/2018,369.99,369.99,369.99,369.99,17.99999896
10/11/2018,370,370,366.67,366.7,5300.999693
10/10/2018,373.33,374.44,369.67,370.13,12437.99928
10/9/2018,372.17,373.33,367.22,369.7,3392.999803
10/8/2018,366.72,374.78,366.67,366.78,1448.999916
10/4/2018,368,368.33,367.78,368.13,2024.999883
10/3/2018,367.89,372.22,367.78,367.91,593.9999655
10/2/2018,367.89,367.9,367.89,367.89,206.999988
10/1/2018,372.62,374.44,367.78,367.89,19439.99887
9/27/2018,377.11,377.22,372.22,376.67,56204.99674
9/26/2018,370.33,376.67,370.33,375.53,240146.9861
9/25/2018,372.22,377.11,372.22,374.74,98.99999426
9/24/2018,368,376.67,367.11,368.3,4193.999757
9/20/2018,367,367,366.89,366.99,521.9999697
9/19/2018,366.67,377.78,366.67,373.63,845.9999509
9/18/2018,377.78,377.78,373.44,376.88,755.9999562
9/17/2018,367.67,385.48,367.67,383.6,134612.9922
9/13/2018,366.67,367.79,366.11,366.28,6074.999648
9/12/2018,365.78,368.88,365.78,366.88,2519.999854
9/11/2018,365.79,368.33,365.78,366.67,7676.999555
9/10/2018,365.56,365.56,365.56,365.56,7478.999566
9/6/2018,364.44,366.67,364.44,366.59,3491.999797
9/5/2018,369.11,369.11,366.67,366.7,2933.99983
9/4/2018,370.56,370.67,368.89,369.7,7883.999543
9/3/2018,369.44,372.78,369.44,372.02,3482.999798
8/30/2018,369.5,370.44,368.89,369.06,1502.999913
8/29/2018,366.67,370,366.67,368.01,65726.99619
8/28/2018,366.67,367.67,363.56,366.69,7136.999586
8/27/2018,365,365,363.33,364.16,9422.999453
8/20/2018,362.78,368.89,360,367.36,6272.999636
8/16/2018,364.22,364.23,361.11,361.76,5120.999703
8/14/2018,369.11,369.11,364,364.1,3311.999808
8/13/2018,366.11,367.39,364.44,365.71,15857.99908
8/9/2018,361.36,367.78,361.36,366.86,4688.999728
8/8/2018,359.34,370.56,359.34,366.92,17432.99899
8/7/2018,359.68,362.78,359.68,360.02,6938.999598
8/6/2018,359.14,360,359.02,359.68,7010.999593
8/2/2018,359.47,361.11,359.44,360.74,23471.99864
8/1/2018,364.44,366.67,363.44,363.91,26405.99847
7/31/2018,360,366.44,357.78,364.12,3788.99978
7/30/2018,361.66,361.67,358.33,358.49,1754.999898
7/26/2018,372.21,372.78,355.37,357.38,108017.9937
7/25/2018,360,376.2,354.11,355.11,27647.9984
7/24/2018,355.26,359.78,351.11,358.29,5660.999672
7/23/2018,361.11,361.11,355.11,355.44,2096.999878
7/19/2018,356.67,363.11,355.57,360.04,2330.999865
7/18/2018,361.11,366.57,361.11,363.27,359.9999791
7/17/2018,366.76,376.67,361.11,361.28,31256.99819
7/16/2018,366.67,366.67,365.03,366.59,9485.99945
7/12/2018,372.21,372.21,364.33,365.99,2591.99985
7/11/2018,372.33,376.67,365.56,366.27,78938.99542
7/10/2018,371.11,377.56,366.67,370.12,8792.99949
7/9/2018,374.56,377.78,366.78,367.56,19322.99888
7/5/2018,378.44,378.46,378.44,378.44,584.9999661
7/4/2018,381.33,381.33,378.33,380.43,2078.999879
7/3/2018,392.11,392.11,381.11,382.04,1691.999902
7/2/2018,379.01,379.01,379.01,379.01,251.9999854
6/28/2018,397.22,397.22,383.33,384.08,3203.999814
6/27/2018,388.44,388.44,381.22,382.27,3365.999805
6/26/2018,388.22,388.22,379.47,379.99,8054.999533
6/25/2018,381.11,385.71,380.11,382.48,4454.999742
6/21/2018,384.44,388.72,383.91,388.03,2645.999847
6/20/2018,383.34,384.56,383.34,383.89,683.9999603
6/19/2018,383.33,385.56,383.33,383.49,656.9999619
6/18/2018,383.33,387.72,376.11,386.92,1088.999937
6/12/2018,378.89,389.78,377.78,386.54,2321.999865
6/11/2018,385.54,385.54,380.56,382.09,224.999987
6/7/2018,379.99,388.89,375.12,377.7,8486.999508
6/6/2018,374.56,376.68,374.44,376.56,539.9999687
6/5/2018,377.78,378.77,372.34,377.17,22778.99868
6/4/2018,370.56,376.67,370.56,376.67,53306.99691
5/31/2018,375.56,378.78,375,377.18,3284.999809
5/30/2018,371.44,379.93,371.44,377.69,4733.999725
5/29/2018,376.89,377.77,376.67,376.89,2501.999855
5/28/2018,378.33,378.33,376.24,376.96,3131.999818
5/24/2018,377.78,381.89,377.78,379.1,2249.99987
5/23/2018,374.56,377.66,374.44,374.53,4688.999728
5/22/2018,373.89,378.88,373.68,376.49,1970.999886
5/21/2018,378.61,383.11,377.78,378.1,1754.999898
5/17/2018,377.9,388.21,377.9,384.78,26.99999843
5/16/2018,377.22,388.89,377.22,385.37,1394.999919
5/15/2018,381.12,381.12,376.12,377.56,4715.999726
5/14/2018,380.23,384.44,380.23,382.68,1520.999912
5/10/2018,377.89,377.89,377.89,377.89,8.999999478
5/9/2018,377.78,377.78,372.33,377.66,1331.999923
5/7/2018,380.67,381.78,379.44,381.07,14381.99917
5/3/2018,373.89,383.33,373.89,379.16,5282.999694
4/30/2018,382.33,382.33,378.34,378.92,1547.99991
4/26/2018,384.22,384.22,382.22,382.31,5228.999697
4/25/2018,384.44,385.32,381.12,384.43,86597.99498
4/24/2018,389.33,389.34,381.11,384.82,1007.999942
4/23/2018,384.02,390,383.33,388.93,95939.99444
4/19/2018,372.17,381.67,372.17,379.49,24155.9986
4/18/2018,371.22,372.17,371.22,371.9,179.9999896
4/17/2018,370.13,376.43,370.01,370.1,737.9999572
4/16/2018,372.78,375.33,367.36,368.08,8288.999519
4/12/2018,373.33,377.67,371.11,372.32,1799.999896
4/11/2018,375.56,375.56,371.28,372.32,9872.999427
4/10/2018,383.33,383.33,372.22,373.53,4562.999735
4/9/2018,382,382,373.56,374.29,27143.99843
4/5/2018,377.56,383.31,377.56,379.29,341.9999802
4/4/2018,377.78,379,376.11,377.18,7865.999544
4/3/2018,383.33,383.33,375.83,376.6,7775.999549
4/2/2018,378.22,378.89,378,378.12,2744.999841
3/29/2018,382.22,388.67,375.56,381.69,48599.99718
3/28/2018,382.21,382.21,375.67,376.54,3842.999777
3/22/2018,388.67,388.67,372.22,376.58,6515.999622
3/21/2018,387.78,387.78,384.03,384.34,8009.999535
3/20/2018,388.89,396.56,386.68,387.56,1997.999884
3/19/2018,402.22,402.22,389.11,390.4,683.9999603
3/15/2018,393,393.1,389.56,390.13,755.9999562
3/14/2018,391.1,393.33,385.78,389.62,4391.999745
3/13/2018,391.11,391.11,380.56,384.47,14165.99918
3/12/2018,393.33,393.33,387.22,388.9,8558.999504
3/8/2018,388,393.89,387.22,388.88,2411.99986
3/7/2018,394.01,394.01,386.89,387.87,7289.999577
3/6/2018,400.11,400.22,391.44,393.21,6173.999642
3/5/2018,399.89,405.31,399.71,402.4,2294.999867
3/1/2018,401.11,401.11,400,400.27,9242.999464
2/28/2018,398.72,405.56,398.72,400.9,65762.99619
2/27/2018,398.9,398.9,397.78,398.72,2627.999848
2/26/2018,402.22,402.22,395.44,398.71,13859.9992
2/22/2018,406.67,411.11,406.67,409.5,3473.999799
2/20/2018,404.44,407.56,404.44,406.78,35.99999791
2/19/2018,411.11,411.11,405.56,405.68,2024.999883
2/15/2018,405.22,405.56,400,400.12,119177.9931
2/14/2018,409.34,409.5,402.8,405.08,2420.99986
2/13/2018,420,420,408.89,409.34,1934.999888
2/12/2018,405.72,416.56,405.72,412.47,5480.999682
2/8/2018,415.32,415.32,408.89,410.17,944.9999452
2/7/2018,416.67,416.67,407.78,410.33,1340.999922
2/6/2018,413.33,413.33,411.11,411.58,1529.999911
2/5/2018,415.56,416.56,411.22,412.39,2798.999838
2/1/2018,422.22,422.22,414.06,419.68,37907.9978
1/31/2018,420,423.33,409.8,419.76,12716.99926
1/30/2018,422.22,426.44,418.89,419.09,7523.999564
1/29/2018,404.44,420.63,404.44,420.51,31463.99818
1/25/2018,394.33,396.67,393.89,395.43,15974.99907
1/24/2018,394.44,394.44,389.13,392.03,8288.999519
1/23/2018,391.11,391.11,384.44,390.9,9890.999426
1/22/2018,381.11,383.33,381.11,381.98,54062.99686
1/18/2018,380.18,380.56,380.13,380.56,14309.99917
1/17/2018,379.6,380.56,379.6,380.04,971.9999436
1/16/2018,379.24,380.56,379.24,379.42,9602.999443
1/15/2018,377.82,379.56,377.82,379.24,114389.9934
1/11/2018,377.89,380.78,377.79,380.18,4004.999768
1/10/2018,377.22,380.78,377.22,379.1,2591.99985
1/9/2018,377.28,380,377.23,377.3,1826.999894
1/8/2018,376.89,379.44,376.84,377.01,278.9999838
1/4/2018,380.77,381.67,379.78,380.59,935.9999457
1/3/2018,374.44,381.11,374.44,380.77,188.999989
1/2/2018,377.78,377.78,374.44,375.59,953.9999447
1/1/2018,377.96,377.96,375.33,377.81,8288.999519
12/28/2017,376.67,378.89,374.44,377.96,4562.999735
12/27/2017,377.56,377.78,375.56,377.62,4130.99976
12/26/2017,376.67,377.78,372.22,374.17,7046.999591
12/21/2017,374.44,374.44,371.67,373.76,584.9999661
12/20/2017,380,383.11,373.33,378.19,1772.999897
12/19/2017,372.22,375.56,372.22,375.5,3464.999799
12/18/2017,372.78,374.44,371.67,372.58,1385.99992
12/14/2017,377.78,377.78,368.79,370.96,12887.99925
12/13/2017,378.39,378.39,374.33,378.1,1250.999927
12/12/2017,386.11,387.78,377.89,378.07,3014.999825
12/11/2017,387.78,387.78,384.44,385,692.9999598
12/7/2017,390.77,396.67,388.9,391.16,3176.999816
12/6/2017,397.22,397.22,388.89,389.93,23597.99863
12/5/2017,372.22,388.78,372.22,388.66,1191212.931
12/4/2017,366.78,371.67,366.67,370.31,10061.99942
11/30/2017,363.89,373.33,363.79,366.68,100286.9942
11/29/2017,366.67,371.67,366.67,366.7,55214.9968
11/28/2017,366.67,366.89,361.41,366.28,3626.99979
11/27/2017,362.84,366.67,362.84,366.66,81593.99527
11/23/2017,372.22,372.22,371.67,371.76,10394.9994
11/22/2017,366.67,372.22,366.67,371.76,35063.99797
11/21/2017,362.56,366.67,362.56,366.4,15587.9991
11/20/2017,362.34,364.44,361.68,362.52,1565.999909
11/16/2017,364.44,369.33,362.22,366.43,75689.99561
11/15/2017,358.54,372.11,356.01,357.36,5795.999664
11/14/2017,354.22,355.44,354.22,355.08,2519.999854
11/13/2017,347.67,349.99,345.56,346.2,26261.99848
11/9/2017,341.11,345,341.11,344.86,9287.999461
11/8/2017,333.37,344.44,333.37,340.87,8612.9995
11/7/2017,334.44,338.67,334.44,334.96,224.999987
11/6/2017,333.33,338.11,333.33,333.67,1817.999895
11/2/2017,337.78,342.11,337.78,338.3,233.9999864
11/1/2017,336,336.14,336,336.03,35.99999791
10/31/2017,333.4,346.67,333.4,344.54,42173.99755
10/30/2017,332.22,344.44,327.78,343.3,56663.99671
10/26/2017,318.89,344.46,318.89,344.17,147338.9915
10/25/2017,333.22,333.22,332.21,332.3,98.99999426
10/24/2017,315.56,322.11,315.56,319.96,73079.99576
10/23/2017,315,317.22,315,315.23,2906.999831
10/19/2017,315.41,315.56,315.41,315.54,2249.99987
10/18/2017,310,311.11,310,311.02,206.999988
10/17/2017,309.18,309.18,309.18,309.18,8.999999478
10/16/2017,316,316.11,316,316.06,512.9999702
10/12/2017,309.46,309.46,309.46,309.46,8.999999478
10/11/2017,309.44,309.44,308.89,309.38,152.9999911
10/10/2017,308.89,311.11,308.89,309.23,1898.99989
10/9/2017,307.23,311.22,307.22,307.43,1997.999884
10/2/2017,316.8,335.56,316.8,319.63,350.9999796
9/28/2017,332.78,332.78,331.11,332.53,845.9999509
9/27/2017,332.21,332.66,332.21,332.22,3176.999816
9/26/2017,333.11,333.11,331.11,331.29,512.9999702
9/25/2017,333.11,333.11,333.11,333.11,44.99999739
9/21/2017,332.78,333.33,331.11,331.64,890.9999483
9/20/2017,332.22,333.33,332.22,332.46,845.9999509
9/19/2017,333.32,333.32,331.11,332.23,1034.99994
9/18/2017,333.17,333.33,333.17,333.29,179.9999896
9/14/2017,331.67,334.98,331.11,333.33,86219.995
9/13/2017,331.17,331.67,331.11,331.5,1286.999925
9/12/2017,331.11,332.22,331.11,331.54,323.9999812
9/11/2017,331.11,333.22,331.11,332.14,15182.99912
9/7/2017,331.11,331.11,331.11,331.11,8.999999478
9/6/2017,332.22,332.78,330.56,332.04,2042.999882
9/5/2017,330,330,330,330,17.99999896
9/4/2017,327.78,333.33,327.78,329.87,152.9999911
8/31/2017,333.22,334.11,328.89,333.92,3437.999801
8/30/2017,330,330,330,330,80.9999953
8/29/2017,331.44,331.44,331.44,331.44,224.999987
8/28/2017,333.33,333.33,330.89,333.21,32390.99812
8/24/2017,326.67,333.32,326.67,332.82,6083.999647
8/23/2017,333.19,333.33,322.22,332.93,32039.99814
8/22/2017,319.43,326.67,319.43,326.04,1052.999939
8/21/2017,319.46,319.46,315,317.12,944.9999452
8/17/2017,331.67,331.67,329.01,330.91,62.99999635
8/16/2017,329,329,329,329,6101.999646
8/10/2017,328.89,329,328.89,328.94,143.9999916
8/8/2017,333.33,333.33,327.78,328.79,6362.999631
8/7/2017,328.89,331.11,327.78,328.07,2978.999827
8/3/2017,332.14,333.22,331.11,331.69,117917.9932
8/2/2017,332.22,333.33,332.22,333.24,7118.999587
8/1/2017,336.11,336.22,332.22,333.42,11150.99935
7/31/2017,324.44,337.78,322.78,335.59,88334.99488
7/27/2017,328.01,333.33,322.22,332.64,7685.999554
7/26/2017,332.67,333,332.34,332.73,1574.999909
7/25/2017,335.22,335.22,332.78,333.33,21212.99877
7/24/2017,335.32,335.38,331.11,333.54,503.9999708
7/20/2017,322.22,336.08,322.22,333.32,10214.99941
7/19/2017,342.67,342.67,333.33,333.34,255554.9852
7/18/2017,333.33,334.33,333.33,333.36,100871.9941
7/17/2017,333.7,335.18,333.33,333.42,95399.99447
7/13/2017,322.22,327.78,322.22,327.09,49112.99715
7/12/2017,318.33,322.22,318.33,322.07,20762.9988
7/11/2017,316.67,318.66,316.67,317.82,5102.999704
7/10/2017,314.44,318.33,314.44,316.86,14885.99914
7/6/2017,314.61,318.33,314.61,316.84,7073.99959
7/5/2017,314.44,314.67,314.44,314.61,1133.999934
7/4/2017,312.78,315,312.44,314.44,17504.99898
7/3/2017,312.44,314.56,312.44,314.16,3599.999791
6/29/2017,311.14,314.44,311.14,314.37,12185.99929
6/28/2017,311.13,313.11,311.11,312.36,56105.99675
6/22/2017,309.46,312.77,309.46,311.32,64772.99624
6/21/2017,305.56,311.1,305.56,310,65069.99623
6/20/2017,306.11,312.22,306.11,312.2,35702.99793
6/19/2017,305.56,310,304.44,308.83,24830.99856
6/15/2017,307.78,307.78,305.58,307.74,6947.999597
6/14/2017,308.89,311.11,307.78,308.93,1438073.917
6/13/2017,311.11,311.11,306.56,307.6,13481.99922
6/12/2017,306.68,308.88,306.22,306.54,3122.999819
6/8/2017,305.56,311.1,305.56,309.88,12662.99927
6/7/2017,307.78,308.33,305.56,306.91,4886.999717
6/6/2017,305.56,309.56,305.56,308.62,4445.999742
6/5/2017,306.11,309.98,300.22,309.49,59948.99652
6/1/2017,300.56,308.33,300,304.24,10997.99936
5/31/2017,289.44,311.11,289.44,310.08,43433.99748
5/30/2017,289.12,300.11,289.11,299.19,7388.999571
5/29/2017,289.78,297.22,289.78,291.34,4643.999731
5/25/2017,289.11,306.13,289.11,302.66,13661.99921
5/24/2017,286.67,293.33,286.67,291.57,21014.99878
5/23/2017,286.11,288.89,286.11,288.88,2510.999854
5/22/2017,282.23,288,282.23,284.52,386.9999776
5/18/2017,288,288.49,287.78,288.02,6128.999645
5/17/2017,286.67,288.78,286.67,287.37,194642.9887
5/16/2017,288.33,288.33,286.67,286.69,917.9999468
5/15/2017,286.67,286.67,286.11,286.32,4031.999766
5/11/2017,285.58,287.22,285.56,286.01,12374.99928
5/9/2017,285.61,287.11,285.56,286.04,15461.9991
5/8/2017,285.56,286.11,285.56,285.6,5471.999683
5/4/2017,284.44,285.56,284.44,285.56,4157.999759
5/3/2017,282.22,285.33,282.22,284.44,10007.99942
5/2/2017,283.21,285.56,283.21,285.27,3140.999818
4/27/2017,284.44,284.44,282.82,284.34,10412.9994
4/26/2017,281.11,285.56,281.11,284.77,36269.9979
4/25/2017,281.44,281.68,281.44,281.67,719.9999582
4/24/2017,282.22,285.11,282.11,285.11,822662.9523
4/20/2017,284.44,286.67,284.44,286.27,22931.99867
4/19/2017,279,285.44,279,284.3,251477.9854
4/18/2017,278.89,280.11,278.89,279.67,1961.999886
4/17/2017,278.33,281.93,277.89,279.09,2033.999882
4/13/2017,275.56,282.43,275.56,282.22,52523.99695
4/12/2017,277.89,280,277.78,278.04,4472.999741
4/11/2017,281.66,281.66,280.88,281.4,26.99999843
4/10/2017,280,282.22,275.56,281.69,40166.99767
4/6/2017,278.89,279.44,275,277.04,3869.999776
4/5/2017,280.78,280.88,276.67,279.47,800.9999535
4/4/2017,273.89,284.3,271.68,283.29,149498.9913
4/3/2017,272.22,274.33,272,273.6,26378.99847
3/30/2017,268.33,272.72,268.33,269.98,764.9999556
3/29/2017,273.33,273.33,272.22,272.44,162143.9906
3/28/2017,273.32,273.32,272.24,272.41,29951.99826
3/27/2017,273.33,273.33,272.22,272.23,10070.99942
3/23/2017,272.23,272.33,271.67,272.29,66707.99613
3/22/2017,266.67,273.43,266.67,272.49,4139.99976
3/20/2017,275,277.88,275,277.78,230768.9866
3/16/2017,275.56,276,274.57,275.1,8702.999495
3/15/2017,275.56,275.99,275.33,275.67,37718.99781
3/14/2017,276.67,276.67,275.56,275.92,1979.999885
3/13/2017,276.67,276.78,274.44,276,2510.999854
3/9/2017,276.13,277.78,276.11,277.08,782.9999546
3/8/2017,275.33,279.64,275.23,278.07,26378.99847
3/7/2017,277.67,278.33,277.67,278.16,40112.99767
3/6/2017,278.22,278.22,276.47,276.7,14669.99915
3/2/2017,279.78,279.78,277.78,278.58,122372.9929
3/1/2017,276.67,278.89,276.67,277.77,116378.9933
2/28/2017,278.89,282,277.22,278.2,58013.99664
2/27/2017,279.98,280,276.68,278.62,11789.99932
2/23/2017,280.56,280.56,277.46,277.74,15686.99909
2/22/2017,278,278,277.23,277.69,6002.999652
2/20/2017,277.78,278.89,277.22,277.63,71405.99586
2/16/2017,278.67,279.44,278.62,279.01,93185.9946
2/15/2017,277.22,280,276.56,278.56,59489.99655
2/14/2017,276.67,277.67,276.44,276.81,8765.999492
2/13/2017,276.91,277.67,276.46,276.52,4211.999756
2/9/2017,277.78,278.28,276.46,276.56,2942.999829
2/8/2017,276.68,277.87,276.44,276.62,2780.999839
2/7/2017,277.33,277.78,277.22,277.78,13949.99919
2/6/2017,277.54,277.78,276.97,277.62,5120.999703
2/2/2017,277.22,277.22,275.67,276.41,2744.999841
2/1/2017,277.78,278.33,276.9,277.18,20483.99881
1/31/2017,276.67,277.76,276,277.16,1214.99993
1/30/2017,277.78,278.78,276.83,277.88,10889.99937
1/26/2017,277.78,277.78,276.69,277.27,24641.99857
1/25/2017,277.56,277.78,277.22,277.62,46457.99731
1/24/2017,277.9,277.9,277.28,277.48,50930.99705
1/23/2017,280.11,280.11,277.23,277.77,13580.99921
1/19/2017,277.78,280.93,276.11,277.12,52343.99696
1/18/2017,282.22,282.22,277.78,278.34,99791.99421
1/17/2017,277.78,277.78,276.78,277.53,11339.99934
1/16/2017,278.61,278.61,276.22,276.62,14354.99917
1/12/2017,278.89,279.22,277.89,279.03,12158.99929
1/11/2017,277.78,279.99,277.46,278.39,4796.999722
1/10/2017,279.11,281.11,277,277.44,17243.999
1/9/2017,281.67,281.67,277.78,277.78,11402.99934
1/5/2017,276.79,283.33,276.79,277.82,4373.999746
1/4/2017,277.78,277.79,276.94,277.76,9800.999432
1/3/2017,281.11,281.11,275.56,277.78,632474.9633
1/2/2017,283.33,283.33,277,277.8,1817.999895
12/29/2016,277.67,277.78,273.33,275.89,96380.99441
12/28/2016,277.28,277.56,277.11,277.17,5840.999661
12/27/2016,277.67,277.67,277.11,277.27,2636.999847
12/26/2016,278.33,281.11,276.78,277.47,6281.999636
12/22/2016,278.11,278.89,277.89,278.08,7559.999562
12/21/2016,278.89,278.89,278.33,278.44,218033.9874
12/20/2016,278.57,282.22,278.34,278.58,8135.999528
12/19/2016,278.67,278.69,278.61,278.67,971.9999436
12/15/2016,278.34,278.57,278.22,278.42,7154.999585
12/14/2016,280,281.67,278,278.17,6650.999614
12/12/2016,279.79,281.67,279.79,281.11,333908.9806
12/8/2016,281.44,281.44,280.02,280.96,1763.999898
12/7/2016,281.67,282.11,280,281.1,2987.999827
12/6/2016,281.67,282.22,281.67,281.71,1187.999931
12/5/2016,281.89,282.22,281.11,281.61,7208.999582
12/1/2016,286.67,286.67,283.33,283.39,6164.999642
11/30/2016,281.89,283.31,281.89,282.08,1556.99991
11/29/2016,282.24,283.11,281.67,281.69,7370.999572
11/28/2016,284.44,284.44,280.56,282.19,234827.9864
11/24/2016,281.72,283.11,281.72,282.14,10979.99936
11/23/2016,287.42,287.42,283.33,283.98,4085.999763
11/22/2016,282.22,283.33,281.11,282.86,919952.9466
11/21/2016,283,283,281.22,281.39,898082.9479
11/17/2016,278.46,280,278.46,279.39,1214.99993
11/16/2016,278.06,278.89,278.01,278.42,890.9999483
11/15/2016,278.34,279.11,278.34,278.58,368.9999786
11/14/2016,280,280.56,277.89,278.14,3662.999788
11/10/2016,279.44,282.22,279.22,281.18,791.9999541
11/9/2016,282.78,282.78,280.56,282.19,10358.9994
11/8/2016,280.64,282.22,278.92,282.03,10862.99937
11/7/2016,282.11,282.67,282.11,282.28,18485.99893
11/3/2016,282.44,282.44,282,282.2,14255.99917
11/2/2016,282.22,282.22,282.22,282.22,8.999999478
11/1/2016,283,283.33,282.78,283.02,4652.99973
10/31/2016,282.36,285.21,282.36,285.17,6695.999612
10/27/2016,287,287.11,278.89,279.63,5255.999695
10/26/2016,288.89,288.89,286.31,288.88,203129.9882
10/25/2016,288.89,291.11,286.11,288.32,7424.999569
10/24/2016,287.56,288.33,286.11,287.92,5993.999652
10/20/2016,281.67,283.89,281.67,283.07,7874.999543
10/19/2016,282.67,282.78,280.57,281.61,1988.999885
10/18/2016,280.56,283.33,280.56,282.64,2177.999874
10/17/2016,282.78,283.33,280.56,283.2,4013.999767
10/13/2016,278.24,284.22,278.11,283.41,8171.999526
10/10/2016,283.33,283.33,283.33,283.33,98.99999426
10/6/2016,285.33,285.33,283.44,284.64,1106.999936
10/5/2016,282.22,285.56,281.78,285.38,3914.999773
10/4/2016,284,285.44,284,285.42,9053.999475
10/3/2016,280.78,285.56,279.56,279.78,10655.99938
9/29/2016,277.93,280.11,277.78,279.9,543068.9685
9/28/2016,280.33,280.34,277.81,279.69,8981.999479
9/27/2016,279.44,279.44,278.33,279.42,10421.9994
9/26/2016,283.21,283.21,276.11,279.59,8099.99953
9/22/2016,276.44,277.78,276.11,276.48,2447.999858
9/21/2016,277.67,279.93,276.22,277.5,863.9999499
9/20/2016,280,280,275.56,276.53,51524.99701
9/19/2016,277.67,280,277.67,280,317294.9816
9/8/2016,275.54,275.56,275.54,275.56,305.9999823
9/7/2016,271.11,271.56,271.01,271.11,8198.999524
9/6/2016,271.89,272.22,271.31,271.33,14237.99917
9/5/2016,272.22,272.34,271.33,271.6,2942.999829
9/1/2016,272.22,274.22,271.89,272.2,7766.99955
8/31/2016,272.22,276.67,271.44,271.86,10457.99939
8/30/2016,271.79,272.23,271.11,271.93,184715.9893
8/29/2016,275.68,276.22,262.78,270.73,3689.999786
8/24/2016,277.78,278.89,276.68,277.07,196127.9886
8/23/2016,281.22,281.22,276.11,277.33,101231.9941
8/22/2016,283.33,283.33,281,281.51,3851.999777
8/18/2016,288.01,288.01,277.11,286.24,3545.999794
8/17/2016,287.78,288.89,286.78,287.89,3248.999812
8/16/2016,289.33,289.33,288.33,288.84,3302.999808
8/11/2016,289.67,289.71,288.36,289.16,2771.999839
8/10/2016,291.12,295.56,288.89,289.76,204974.9881
8/9/2016,283.46,294.44,283.46,294.43,33146.99808
8/8/2016,292.78,294.44,291.22,293.87,26549.99846
8/4/2016,290.56,293.22,290.37,292.53,97172.99436
8/3/2016,292.22,292.56,290.22,291.91,21491.99875
8/2/2016,292.78,294.89,292.56,294.44,27953.99838
8/1/2016,294.44,294.44,292.22,292.47,58769.99659
7/28/2016,305.22,305.22,294.56,294.88,4526.999737
7/27/2016,302.11,302.22,293.94,294.5,248993.9856
7/26/2016,294.44,294.44,290.56,294.22,29861.99827
7/25/2016,293.44,294.67,291.13,294.43,133235.9923
7/21/2016,297.24,297.78,292.22,292.93,14615.99915
7/20/2016,294.67,297.78,294.56,297.07,2330.999865
7/19/2016,294.44,295.67,294.44,294.48,2375.999862
7/18/2016,294.44,295.56,293.33,294.44,5084.999705
7/14/2016,298.22,300,298.09,298.2,163385.9905
7/13/2016,298.89,298.89,298.22,298.24,28592.99834
7/12/2016,298.24,300,297.33,298.23,3122.999819
7/11/2016,298.11,298.89,297.78,298.11,1511.999912
6/30/2016,299.89,300,299.89,300,22391.9987
6/29/2016,296.67,300,296.67,299.99,38852.99775
6/28/2016,298.76,298.76,296.89,298.76,6263.999637
6/27/2016,299.78,299.78,297.89,298.76,10259.9994
6/23/2016,296.67,297.77,296.11,297.14,1097.999936
6/22/2016,299.44,299.44,298.52,298.54,755.9999562
6/21/2016,299.99,300,298.11,298.52,332.9999807
6/20/2016,302.22,302.22,299.56,300.41,10214.99941
6/16/2016,300.61,301.11,300.61,300.69,3347.999806
6/15/2016,300.47,301.11,300.44,300.94,22058.99872
6/14/2016,304.44,304.44,300.44,300.81,9773.999433
6/13/2016,299,301.11,299,300.12,5813.999663
6/9/2016,297,304.44,297,304.38,182006.9894
6/8/2016,297.78,299.89,297.78,299.2,2312.999866
6/7/2016,298.9,298.9,297.78,298.19,1664.999903
6/6/2016,295.11,301.11,295.11,300.97,203093.9882
6/2/2016,294.5,298.33,294.5,297.92,2564.999851
6/1/2016,291.12,300,291.11,297.26,3086.999821
5/31/2016,291.67,293.33,290,291.64,845.9999509
5/30/2016,295.44,295.44,291.44,291.79,1061.999938
5/26/2016,296.49,296.49,293.44,294.94,242.9999859
5/25/2016,295.11,297.22,292.82,293.11,33398.99806
5/24/2016,294.67,296.11,294.44,294.66,10511.99939
5/19/2016,295.68,299.89,295.02,296.27,9143.99947
5/18/2016,300,301.39,298.89,300,271979.9842
5/17/2016,301.11,301.67,298.89,300.37,5912.999657
5/16/2016,300,300,297.78,297.94,2717.999842
5/12/2016,301.77,301.88,301.11,301.66,1214.99993
5/11/2016,296.11,301.11,296.11,300.08,389654.9774
5/10/2016,295.62,303.31,295.62,301.16,7136.999586
5/9/2016,296.67,301.23,294.67,299.29,3995.999768
5/5/2016,301.22,301.22,298,300,4211.999756
5/4/2016,294.69,303.21,294.69,299.24,2186.999873
5/3/2016,303.33,303.33,300,300.68,44.99999739
5/2/2016,300,301.1,296.67,300,10223.99941
4/28/2016,296.67,299.99,296.67,297.66,2879.999833
4/27/2016,296.79,296.79,296.67,296.67,18368.99893
4/26/2016,297.78,298.89,296.11,298.64,12491.99928
4/25/2016,293.47,297.78,293.47,296.63,6803.999605
4/21/2016,300,303.88,295.56,297.88,3671.999787
4/20/2016,306.56,306.67,294.44,302.66,2726.999842
4/19/2016,299.89,302.66,292.78,301.89,12563.99927
4/18/2016,283.44,302.22,283.33,301.72,8270.99952
4/13/2016,290.11,292.78,290.11,291.83,2951.999829
4/12/2016,289,291.89,289,290.09,1970.999886
4/11/2016,291.89,291.89,289,291.54,7190.999583
4/7/2016,291.67,292.78,291.67,291.74,4031.999766
4/6/2016,292.22,293.89,291.67,291.74,6614.999616
4/5/2016,291.67,293.33,291.67,293.09,6290.999635
4/4/2016,298.78,298.78,291.67,292.27,4247.999754
3/31/2016,273.9,288.59,273.9,283.36,83312.99517
3/30/2016,273.44,275.56,273.33,274.86,3401.999803
3/29/2016,270.11,271.67,269.01,271.13,2429.999859
3/28/2016,271.44,271.88,270.11,270.51,3212.999814
3/24/2016,272.21,272.22,266.67,266.96,7658.999556
3/23/2016,272.22,272.78,266.67,269.81,28286.99836
3/22/2016,277.78,277.78,272.11,272.96,42038.99756
3/21/2016,268.89,274.44,268.78,272.17,16388.99905
3/16/2016,288.89,288.89,280.11,280.72,21635.99875
3/15/2016,293.34,293.34,287.34,287.76,17180.999
3/10/2016,301.11,301.56,300.56,301.49,2222.999871
3/9/2016,300,302.11,298.89,300.89,2015.999883
3/8/2016,302.22,302.22,297.78,298.48,2645.999847
3/7/2016,302.22,302.22,297.33,298.13,1358.999921
3/3/2016,300,305.56,300,302.76,935.9999457
3/2/2016,298.28,303.1,295.56,297.06,5165.9997
3/1/2016,311.11,311.11,295.3,298.27,34649.99799
2/29/2016,309.01,311.11,309.01,310.83,2573.999851
2/25/2016,319,319,309,311.69,15470.9991
2/24/2016,322.89,324.44,305.78,316.39,12734.99926
2/23/2016,330.67,330.67,320,320.86,7757.99955
2/22/2016,337.78,337.78,328.33,332.09,2978.999827
2/18/2016,328.17,331.11,328.17,330.2,2861.999834
2/17/2016,333.33,333.33,321.13,328.09,33407.99806
2/16/2016,327.78,333.33,327.78,333.07,3716.999784
2/15/2016,330.56,332.67,330,331.13,6740.999609
2/11/2016,322.89,322.89,321.67,322.2,9395.999455
2/10/2016,330,332.99,322.22,322.34,6083.999647
2/9/2016,331.11,332.44,330,330.24,1286.999925
2/8/2016,333.33,333.33,331.11,331.42,530.9999692
2/4/2016,332.22,332.22,328.68,331.26,1547.99991
2/3/2016,334.33,334.33,332.22,333.86,314.9999817
2/2/2016,323.61,337.67,323.61,336.17,2564.999851
2/1/2016,335.56,336.67,334.11,334.83,3743.999783
1/28/2016,314.33,333.14,309,329.63,69290.99598
1/27/2016,320.56,320.56,315.91,317.29,1511.999912
1/26/2016,315.67,316.78,315.67,316.69,719.9999582
1/25/2016,315.56,317.78,314.16,315.6,4085.999763
1/21/2016,316.67,319.22,316.16,316.48,2429.999859
1/20/2016,314.22,319.87,314.22,316.13,1601.999907
1/19/2016,316.78,316.78,314.67,314.93,494.9999713
1/18/2016,318.44,319.89,311.71,315.51,989.9999426
1/14/2016,322.22,322.22,314.22,320.96,1349.999922
1/12/2016,322.22,322.22,322.22,322.22,89.99999478
1/11/2016,322.22,322.22,320.56,322.18,6848.999603
1/7/2016,320.11,324.44,311.34,313.62,5138.999702
1/6/2016,313.39,325.32,313.39,321.08,710.9999588
1/5/2016,315,315,313.56,313.83,926.9999462
1/4/2016,313.28,325.54,312.22,313.82,1736.999899
12/31/2015,319.88,329.23,315.56,327.83,59300.99656
12/30/2015,311.22,314.11,311.22,313.56,3860.999776
12/29/2015,307.79,312,307.78,310.61,908.9999473
12/28/2015,310,311.11,308.89,310.27,341.9999802
12/24/2015,306.89,314.11,306.79,311.84,1619.999906
12/23/2015,306.67,311.11,306.67,309.02,1970.999886
12/22/2015,308.89,312.22,308.89,310.19,13157.99924
12/21/2015,303.33,311,303.33,309.54,4094.999762
12/17/2015,303.44,306.44,302.78,303.94,27116.99843
12/15/2015,308.33,308.33,303.22,303.69,13652.99921
12/14/2015,314.44,314.56,305.56,306.89,21617.99875
12/10/2015,322.11,323.33,322.11,322.71,1943.999887
12/9/2015,322.44,322.44,322.11,322.22,7100.999588
12/8/2015,322.78,326.67,321.22,322.21,33533.99806
12/7/2015,322.44,327.78,322.22,326.61,26153.99848
12/3/2015,325,325,322.33,323.96,4301.99975
12/2/2015,324.46,325.67,324.44,325.13,9557.999446
12/1/2015,323.9,325.56,323.5,324.46,6560.999619
11/30/2015,323.33,323.33,323.33,323.33,44.99999739
11/26/2015,323.33,323.33,322.78,323.29,1484.999914
11/25/2015,324.67,324.67,322.22,323.57,1925.999888
11/24/2015,322.36,322.8,322.22,322.36,7352.999574
11/23/2015,323.78,323.78,323.34,323.39,341.9999802
11/19/2015,324.12,326.11,323.89,324.44,2726.999842
11/18/2015,324.44,324.44,322.22,323.16,2699.999843
11/17/2015,316.78,323,316.78,322.33,5363.999689
11/16/2015,323.67,327.78,322.78,323.66,1079.999937
11/12/2015,325.56,327.78,321.22,327.36,3869.999776
11/11/2015,323.47,323.47,322.67,322.7,413.999976
11/10/2015,322.22,326.67,322.22,322.62,404.9999765
11/9/2015,322.22,322.22,322.22,322.22,8.999999478
11/5/2015,325.67,328.89,325.67,327.77,476.9999723
11/4/2015,325.78,329.97,322.78,328.21,2681.999844
11/3/2015,328.33,328.89,327.78,328.51,1124.999935
11/2/2015,327.54,328.56,327.54,328.01,14327.99917
10/29/2015,327.22,328.67,325.56,326.98,2267.999868
10/28/2015,325.89,327.79,325.89,326.78,38870.99775
10/27/2015,325.23,327,323.56,325.93,2132.999876
10/26/2015,325.79,328.89,325.79,327.62,13967.99919
10/21/2015,327.79,327.79,323,324.2,1583.999908
10/20/2015,323.02,328.89,323.01,327.8,3752.999782
10/19/2015,331.1,331.1,331.1,331.1,8.999999478
10/15/2015,320.33,320.68,320.31,320.54,1223.999929
10/14/2015,320.22,327.89,317.23,320.31,926.9999462
10/13/2015,313.33,331.11,312.78,326.87,16775.99903
10/12/2015,321.78,321.78,320.22,320.39,2024.999883
10/8/2015,323.56,323.56,323.33,323.38,746.9999567
10/7/2015,325.78,325.78,323.36,323.81,1970.999886
10/6/2015,325.22,325.68,325.22,325.59,557.9999676
10/5/2015,328.89,328.89,324.44,325.3,926.9999462
10/1/2015,327.83,328.89,327.83,328.44,134.9999922
9/30/2015,328.11,328.34,327.78,328.04,2546.999852
9/29/2015,328.33,328.39,327.78,327.82,4841.999719
9/28/2015,332.09,332.09,330.24,330.81,8936.999482
9/22/2015,329.89,329.89,327.78,329.01,2042.999882
9/21/2015,327.78,328.23,326.06,327.34,2681.999844
9/17/2015,332.22,332.76,329,329.37,2735.999841
9/16/2015,336.11,336.11,329.44,330.14,1277.999926
9/15/2015,333.22,333.28,332,332.62,323.9999812
9/14/2015,332.22,333.33,330,332.6,1061.999938
9/10/2015,325.28,333,325.28,328.96,116.9999932
9/9/2015,332.21,332.22,328.44,330.77,1169.999932
9/8/2015,332.78,334.44,332.22,333.11,872.9999494
9/7/2015,328.11,333.33,327.89,330.58,11825.99931
9/3/2015,337.78,337.78,329.33,330.62,1241.999928
9/2/2015,327.79,338.87,327.79,329.31,2744.999841
9/1/2015,344.44,345.56,323.77,324.71,10133.99941
8/31/2015,327.78,346.67,322.22,340.79,17576.99898
8/27/2015,329.83,329.84,327.89,329.78,9872.999427
8/26/2015,328.67,328.81,328.08,328.19,1898.99989
8/25/2015,334.44,334.44,325.39,326.44,1196.999931
8/24/2015,326.27,326.78,326.24,326.43,692.9999598
8/20/2015,327.78,328.33,327.78,327.79,2879.999833
8/19/2015,329.11,333.11,322.23,327.37,10691.99938
8/18/2015,333.22,333.22,329.34,330.22,3590.999792
8/17/2015,328.07,330.22,328.07,329.31,341.9999802
8/13/2015,328.6,332,328.6,329.11,1115.999935
8/12/2015,328.01,334.46,328.01,333.97,890.9999483
8/11/2015,333.44,335,333.33,333.5,11393.99934
8/10/2015,329.01,335,329.01,334.52,14021.99919
8/6/2015,336.78,337.22,336.11,336.64,7712.999553
8/5/2015,334.67,338.78,334.67,336.68,15524.9991
8/4/2015,333.59,336.89,333.59,336.28,25559.99852
8/3/2015,333.33,335,333.33,333.97,23228.99865
7/30/2015,334.58,336.44,334.58,335.57,6038.99965
7/29/2015,333.89,337.67,333.89,335.98,8927.999482
7/28/2015,336.67,337.5,336.11,336.69,16928.99902
7/27/2015,335,337.22,333.34,336.84,10673.99938
7/23/2015,334.33,340,334.33,337.51,12662.99927
7/22/2015,332.22,336.67,326.11,335.3,12824.99926
7/21/2015,334.44,334.44,331.11,332.14,710.9999588
7/14/2015,332.9,335.56,332.9,333.29,611.9999645
7/13/2015,333.33,336.56,331.89,333.13,2474.999856
7/9/2015,332.11,335.32,332.11,333.33,512.9999702
7/8/2015,331.78,335.56,331.78,334.33,3149.999817
7/7/2015,328.33,333.33,328.33,332.5,5930.999656
7/6/2015,327.67,331.89,327.67,328.4,2096.999878
7/2/2015,344.44,344.44,330.58,332.29,3968.99977
6/30/2015,323.33,338.34,323.33,338.33,968120.9438
6/29/2015,322.21,323.88,320.59,322.24,10331.9994
6/25/2015,325.32,325.32,323.22,323.36,458.9999734
6/24/2015,325,325,322.22,322.28,3797.99978
6/23/2015,327.22,327.22,323.11,323.83,5489.999682
6/22/2015,328.56,328.56,324.11,325.91,116.9999932
6/18/2015,324.44,325.56,323.04,324.44,5102.999704
6/17/2015,327.67,327.67,322.78,323.66,4013.999767
6/16/2015,328.89,329.33,326.11,327.76,2249.99987
6/15/2015,327.78,329.89,325.61,327.96,3932.999772
6/11/2015,332.78,332.78,323.89,327.8,3590.999792
6/10/2015,327.78,337.77,327.78,332.68,17414.99899
6/9/2015,322.67,325.54,322.67,323.16,6515.999622
6/8/2015,327.78,330.11,322.89,323.72,16622.99904
6/4/2015,320,327.66,320,326.67,908.9999473
6/2/2015,327.67,328.78,326.83,327.3,22247.99871
6/1/2015,322.22,327.78,318.89,326.87,28529.99835
5/28/2015,328,328,322.22,323.6,37367.99783
5/27/2015,322.22,328.78,322.22,327.68,18026.99895
5/26/2015,320,322.22,320,321.32,5570.999677
5/25/2015,318.89,323.11,318.89,320.74,4472.999741
5/21/2015,319.56,319.56,316.67,316.77,1367.999921
5/20/2015,316.67,323.11,306.67,315.33,31247.99819
5/19/2015,316.67,321.11,316.67,318.31,24884.99856
5/18/2015,317.89,322.11,315.89,316.74,17432.99899
5/14/2015,323,324.44,320.23,320.96,14201.99918
5/13/2015,325.54,326.67,322.8,323.44,21059.99878
5/12/2015,322.5,326.11,322.33,325.5,3770.999781
5/11/2015,329.44,329.44,325.78,326.34,42416.99754
5/7/2015,338.78,339.44,330.11,332.73,4265.999753
5/6/2015,336.67,336.67,329.31,330.44,6398.999629
5/5/2015,338.89,339,335.78,337.76,16559.99904
5/4/2015,350,350,335.56,343.5,16343.99905
4/30/2015,332.78,347.59,327.22,345.73,227303.9868
4/29/2015,323.46,338.33,323.46,331.04,1808.999895
4/27/2015,328.89,335.56,328.89,333.73,8711.999495
4/23/2015,328.89,335.56,328.89,332.52,5966.999654
4/22/2015,332.22,334.44,331.67,331.79,5417.999686
4/21/2015,334.33,334.44,331.33,331.63,6353.999631
4/20/2015,331.11,334.89,331.11,332.13,3644.999789
4/16/2015,338.89,338.89,333.89,335.09,6299.999635
4/15/2015,338.89,342.11,333.44,334.23,14336.99917
4/13/2015,338.89,341.67,335.11,337.23,11987.9993
4/9/2015,335.56,337.73,332.46,333.22,12869.99925
4/8/2015,334.56,335.56,333.56,335.27,1016.999941
4/7/2015,335.11,337.21,333.33,335.13,3527.999795
4/6/2015,338.36,338.78,335.59,337,7181.999583
4/2/2015,341.67,344.32,338.48,339.43,52865.99693
4/1/2015,352.11,352.22,343.33,344.37,20366.99882
3/31/2015,345,353.33,340.33,350.74,308996.9821
3/30/2015,350,350,339,339.94,4292.999751
3/25/2015,347.22,347.22,341.78,345.64,6434.999627
3/24/2015,347.22,347.22,344,346.49,19907.99885
3/23/2015,349.44,349.89,343.56,346.3,24245.99859
3/19/2015,341.67,351.33,341.67,344.98,4328.999749
3/18/2015,347.67,353.09,345.89,347.39,20186.99883
3/16/2015,354.43,354.43,350.56,352.94,17621.99898
3/12/2015,344.44,349.33,344.33,348.56,103922.994
3/11/2015,336.64,344.33,336.56,343.23,27764.99839
3/10/2015,323.33,334.42,323.33,333.79,22742.99868
3/9/2015,322.44,333.22,322.44,330.66,20501.99881
3/4/2015,335.56,337.78,333.73,335.26,11357.99934
3/2/2015,343.33,343.56,336.11,337.52,17684.99897
2/26/2015,327.22,341.62,325,340.3,93527.99458
2/25/2015,324.46,325.56,322.22,325.36,26567.99846
2/24/2015,325.44,325.56,322.22,323.48,7928.99954
2/23/2015,323.68,327.22,319.22,322.04,10502.99939
2/19/2015,333.22,333.33,330.56,330.98,29303.9983
2/18/2015,332.78,333.33,329.68,330.64,27701.99839
2/17/2015,325.44,333.33,320,329.16,41309.9976
2/16/2015,324.33,324.33,318.89,319.78,7406.99957
2/12/2015,322.22,322.22,320,320.17,11951.99931
2/11/2015,323.56,324.89,321.11,321.23,13949.99919
2/10/2015,326.67,326.67,322.78,323.12,4562.999735
2/9/2015,326.67,326.67,322.89,323.03,22202.99871
2/5/2015,327.78,333.33,325.83,327.64,11996.9993
2/4/2015,325.28,330.44,324.44,327.78,4913.999715
2/3/2015,323.33,324.22,322.22,322.32,27611.9984
2/2/2015,322.22,325.44,322.22,322.56,102446.9941
1/29/2015,308.89,328.59,308.89,326.04,86624.99498
1/28/2015,311.19,315.53,311.19,312.96,1259.999927
1/27/2015,310,311.56,310,311.19,1349.999922
1/26/2015,309.22,311.11,309.22,310.11,593.9999655
1/22/2015,311,311.11,306.9,308.4,2582.99985
1/21/2015,312.23,312.78,307.78,309.81,5849.999661
1/20/2015,313.89,314.44,311.11,313.52,7847.999545
1/19/2015,316.67,318.22,311.28,312.61,7298.999577
1/15/2015,311.89,321.11,311.89,320.44,28178.99837
1/14/2015,311.11,319.33,311.11,317.07,18044.99895
1/13/2015,309.56,312,309.44,311.12,21275.99877
1/12/2015,305.11,312.11,303.33,311.4,59129.99657
1/8/2015,298.89,303.67,298.89,303,16046.99907
1/7/2015,297.22,299.32,296.22,297.47,9908.999425
1/6/2015,295.44,298.22,292.67,297.38,4976.999711
1/5/2015,292.33,295.56,292.33,292.89,1772.999897
1/1/2015,296.56,296.56,293.33,295.67,1439.999916
12/30/2014,290,295.56,290,294.48,5363.999689
12/29/2014,289.12,289.12,286.69,288.13,9620.999442
12/24/2014,292.89,295,291.67,291.9,656.9999619
12/23/2014,292.78,293.22,291.11,291.78,2420.99986
12/22/2014,293.89,294.44,291.22,292.56,2375.999862
12/18/2014,293.44,299.33,293.44,294.43,818.9999525
12/17/2014,295.56,297.78,294.44,294.63,3869.999776
12/15/2014,295.67,300,291.78,297.22,1421.999918
12/11/2014,310.56,310.56,303.33,305.44,6902.9996
12/10/2014,305.56,308.11,305.56,306.6,4949.999713
12/9/2014,304.44,305.33,302.78,304.57,3149.999817
12/8/2014,302.78,305,302.22,302.61,53549.99689
11/27/2014,286.67,301.58,286.67,300.96,46349.99731
11/25/2014,287.22,287.22,287.22,287.22,449.9999739
11/24/2014,286.69,286.69,286.67,286.68,2249.99987
11/20/2014,300,300,298.33,299.64,2249.99987
11/19/2014,300.11,300.56,299.67,300.08,2699.999843
11/18/2014,299.61,300,299.61,299.76,14399.99916
11/17/2014,300,300.56,299.11,299.58,42749.99752
11/13/2014,297.9,300,297.9,299.96,113849.9934
11/12/2014,297.22,306.67,296.78,300.11,22949.99867
11/11/2014,301.22,301.22,297.78,299.93,297449.9827
11/10/2014,302.78,302.78,300.67,302.53,8099.99953
11/6/2014,302.8,302.89,302.8,302.82,1349.999922
11/5/2014,302.8,302.81,302.78,302.79,3149.999817
11/3/2014,302.83,302.83,302.79,302.8,1799.999896
10/30/2014,301.11,305.56,301.11,304.81,4049.999765
10/29/2014,308.22,308.22,305.56,305.72,9899.999426
10/23/2014,310,310,306.78,308.22,3149.999817
10/22/2014,306,306,306,306,899.9999478
10/21/2014,297.78,311,297.78,303.59,12149.9993
10/20/2014,300,305.1,300,300.47,4949.999713
10/16/2014,302.46,305.22,302.46,304.67,2249.99987
10/15/2014,301.67,308.64,301.67,304.29,8549.999504
10/14/2014,305.44,305.56,301.28,302.41,6749.999609
10/13/2014,307.66,307.66,297.8,301.03,4049.999765
10/2/2014,312.22,312.22,307.33,310.99,121499.993
10/1/2014,307.78,313.34,300,313.16,192599.9888
9/30/2014,298.89,314.11,295.67,310.89,172349.99
9/29/2014,303.22,303.22,297.78,299.16,25199.99854
9/25/2014,304.56,304.56,297.33,300.93,12149.9993
9/24/2014,305.89,305.89,305.67,305.78,10799.99937
9/23/2014,305.56,305.89,305.56,305.72,2249.99987
9/22/2014,305.56,305.56,300.33,302.2,6749.999609
9/18/2014,306.33,315.56,306.33,311.63,112049.9935
9/17/2014,304.44,307.56,304.44,306.33,35999.99791
9/16/2014,305.67,305.89,305.56,305.7,1349.999922
9/15/2014,301.11,306.44,301.11,305.57,39149.99773
9/11/2014,296.67,300,296.67,299.76,20699.9988
9/10/2014,295.56,298.89,295,297.64,20249.99883
9/9/2014,291.17,296.67,291.17,295.27,11249.99935
9/8/2014,285.11,291.67,285,289.93,33299.99807
9/4/2014,287.78,287.78,283.44,285.01,10349.9994
9/3/2014,288.89,288.89,288.33,288.44,4049.999765
9/2/2014,290,293.33,286.78,289.31,11699.99932
9/1/2014,305.56,305.56,290.22,300.49,17099.99901
8/28/2014,284.33,292.58,282.33,292.42,83249.99517
8/27/2014,266.67,280.02,266.67,278.66,204749.9881
8/26/2014,267.78,267.78,266.67,266.69,27899.99838
8/25/2014,267.22,267.22,266.67,266.71,80099.99535
8/20/2014,273.33,274.44,273.33,273.39,10349.9994
8/19/2014,274.78,275.02,274.78,275,24749.99856
8/18/2014,275,275,274.44,274.6,46349.99731
8/14/2014,275.67,275.67,274.48,275.04,4499.999739
8/12/2014,277.78,279.11,276.14,277.81,89099.99483
8/11/2014,276.6,280,276.6,277.92,13499.99922
8/7/2014,275.44,280,272.22,278.33,31499.99817
8/6/2014,266.67,273.33,266.67,272.28,52649.99695
8/5/2014,268.46,269.78,268.11,268.86,8549.999504
8/4/2014,269.44,269.44,262.36,268.32,43199.99749
7/24/2014,268.66,271.89,268.66,270.6,24299.99859
7/23/2014,268.89,271.11,263.33,268.92,11699.99932
7/22/2014,268.67,276.67,267.78,269.92,20699.9988
7/21/2014,266.67,267.78,266.67,266.83,8549.999504
7/17/2014,267.78,268.89,266.44,268.67,26549.99846
7/16/2014,265.44,268.33,265.44,267.47,14399.99916
7/15/2014,257.92,260,257.92,259.16,5399.999687
7/14/2014,260,262.22,258.89,259.64,19349.99888
7/9/2014,259.11,260.01,259,259.66,3149.999817
7/8/2014,264.44,264.44,260.78,262.91,6749.999609
7/7/2014,269.47,269.47,265.57,267.53,3599.999791
7/3/2014,265,265,254.53,260.48,5399.999687
7/2/2014,260.56,268.78,260.56,267.92,40049.99768
6/30/2014,245.56,257.58,245.56,257.57,90899.99473
6/26/2014,236.67,244.22,235.56,237.01,12599.99927
6/25/2014,235.11,235.56,233.33,235.02,5849.999661
6/24/2014,233.11,233.11,231.11,231.94,9899.999426
6/23/2014,231.11,233.33,230.67,231.36,24299.99859
6/19/2014,231.36,234.33,228.83,232.99,203399.9882
6/18/2014,235,235,227.78,232.17,10349.9994
6/17/2014,235.56,238.89,233.33,234.44,36449.99789
6/16/2014,230,236.11,230,234.48,30599.99823
6/12/2014,242.46,242.46,236.11,240.2,54899.99682
6/11/2014,245.56,248.89,244.44,245.76,7199.999582
6/10/2014,239,248.78,239,243.51,233099.9865
6/9/2014,253.89,253.89,241.11,245.64,11249.99935
6/5/2014,257.77,257.77,244.44,247.48,9899.999426
6/4/2014,256.22,260,255.56,256.02,7649.999556
6/3/2014,264.44,264.44,258,261.62,16649.99903
6/2/2014,260.89,268.89,260.89,265.99,68399.99603
5/29/2014,253.33,262.54,251.11,261.59,139049.9919
5/28/2014,251.56,251.56,250,250.08,24749.99856
5/27/2014,240,251.02,240,250.11,106649.9938
5/26/2014,238.89,241.11,238.33,239.08,86399.99499
5/22/2014,247.67,247.67,241.67,243.83,28799.99833
5/21/2014,246.9,250,246.67,247.7,67949.99606
5/20/2014,248.89,248.89,246.67,247.87,13049.99924
5/19/2014,247.22,250,245.89,246.66,60749.99648
5/15/2014,252.67,253.33,246.33,249.7,19799.99885
5/14/2014,261.11,261.11,251.79,256.78,38249.99778
5/12/2014,257.33,261.11,257.33,258.47,3599.999791
5/8/2014,268.89,268.89,263.44,266.11,8549.999504
5/7/2014,270.22,272.22,266.67,270.22,5399.999687
5/6/2014,261.68,278.33,258.48,271.04,58949.99658
5/5/2014,268.56,271.67,264.56,265.77,16649.99903
4/30/2014,277.78,279.44,267.33,273.17,46349.99731
4/29/2014,278.44,278.78,274.01,277.67,6749.999609
4/28/2014,274.78,278.89,272.11,277.22,23849.99862
4/24/2014,280,282.22,273.33,275.58,52199.99697
4/23/2014,280,281.11,275.79,279.96,24299.99859
4/22/2014,271.56,277.78,271.56,275.39,15299.99911
4/21/2014,272.78,273.33,272.22,272.86,4949.999713
4/17/2014,271.12,282.22,271.12,280.83,12599.99927
4/16/2014,282.22,285.93,276.67,281.92,6749.999609
4/15/2014,280.33,288.89,280.33,288.47,279449.9838
4/10/2014,280.78,282.22,271.11,280,18899.9989
4/9/2014,295,295,282.78,283.36,30599.99823
4/8/2014,294.43,294.67,290.56,294.19,139949.9919
4/7/2014,277.56,291.11,277.56,289.58,136799.9921
4/3/2014,279.56,283.33,276.98,282.83,52649.99695
4/2/2014,269,282.21,269,280.3,165149.9904
4/1/2014,260.78,268.92,258.33,268.91,77399.99551
3/31/2014,246.67,258.89,245.67,256.12,120599.993
3/27/2014,233.33,238.67,233.33,236.27,55349.99679
3/25/2014,233.44,236.11,233.44,235.43,170549.9901
3/24/2014,237.22,237.22,233.89,234.99,158399.9908
3/20/2014,236.11,243.31,236.11,242.22,125099.9927
3/19/2014,237.66,237.66,233.33,235.79,8099.99953
3/18/2014,235.56,238.89,235.54,238.46,195749.9886
3/13/2014,233.33,239.44,231.67,238.28,62999.99635
3/11/2014,236.22,238.89,235.22,237.96,16649.99903
3/10/2014,237.33,237.44,232.22,235.42,3599.999791
3/6/2014,238.78,243,231.67,236.9,26999.99843
3/5/2014,238.78,244.22,229,232.6,14399.99916
3/4/2014,246.44,246.44,231.24,232.94,24299.99859
3/3/2014,244.56,244.56,240.72,241.44,11249.99935
2/27/2014,255.56,256.67,223,255.46,629999.9635
2/26/2014,235,245.39,234.44,244.32,250649.9855
2/25/2014,235,235,232.33,233.71,118799.9931
2/24/2014,233.44,235.56,233.33,233.52,25199.99854
2/20/2014,227.78,232,226.67,227.92,211949.9877
2/19/2014,227.78,228.89,227.33,228.24,112049.9935
2/18/2014,225,225,221.11,223.4,8099.99953
2/17/2014,228.22,228.22,224.78,225.97,33299.99807
2/13/2014,226.17,228.89,226.14,227.68,36899.99786
2/12/2014,231.11,233.33,229.5,229.81,49049.99716
2/11/2014,232.67,232.67,228.44,230.38,29249.9983
2/10/2014,238.89,238.89,230,231.96,93599.99457
2/6/2014,229,240.48,229,233.42,412649.9761
2/5/2014,217.78,229.07,217.78,229.03,43649.99747
2/4/2014,214.44,224.22,213.89,217.96,26549.99846
2/3/2014,214.44,216.33,213.33,213.87,22949.99867
1/30/2014,205.56,216.11,205.56,214.33,100799.9942
1/29/2014,193.89,205.23,193.89,205.22,85049.99507
1/28/2014,188.89,195.56,188.89,194.13,85499.99504
1/27/2014,188.71,188.71,187.22,187.77,5399.999687
1/23/2014,188.89,189.06,188.33,188.64,10799.99937
1/22/2014,187.22,189.22,187.22,188.36,8099.99953
1/21/2014,182.22,186.11,182.22,185.19,3149.999817
1/20/2014,186.78,186.78,184.78,185.89,4949.999713
1/16/2014,186.79,191.11,186.79,188.88,5399.999687
1/15/2014,188.89,188.89,187.78,188.08,13049.99924
1/13/2014,183.33,192.11,183.33,191.17,35099.99796
1/9/2014,185.76,185.76,181.34,183.54,4049.999765
1/8/2014,183.33,185.44,183.32,184.62,119699.9931
1/7/2014,181.23,183.33,181.22,182.31,3149.999817
1/6/2014,181.1,181.1,181.1,181.1,449.9999739
1/2/2014,177.22,185.54,177.22,181.01,86399.99499
1/1/2014,177.22,178.89,176.92,177.24,7199.999582
12/30/2013,178.33,178.89,177.78,178.12,7199.999582
12/24/2013,182.22,182.22,177.78,177.78,25649.99851
12/23/2013,176.67,178.44,175.56,176.44,15299.99911
12/19/2013,177.22,177.22,175.56,176.69,7649.999556
12/18/2013,177.78,177.78,175.56,176.46,9449.999452
12/17/2013,182.33,182.33,176.67,178.77,10349.9994
12/12/2013,180,182.22,178.89,180.3,12599.99927
12/11/2013,183.33,183.33,179.56,181.13,12599.99927
12/10/2013,185.56,185.56,184.22,184.62,4049.999765
12/9/2013,184.67,184.67,184.67,184.67,2699.999843
12/5/2013,185.56,190,185.56,189.09,59849.99653
12/4/2013,183.33,185.56,183.33,184.13,6749.999609
12/3/2013,187.53,187.53,183.33,183.61,6749.999609
12/2/2013,187.67,188.67,186.67,187.5,40049.99768
11/27/2013,184.41,185.11,184.22,184.56,34199.99802
11/26/2013,185,185,183.33,184.41,4949.999713
11/25/2013,188.56,190,188.56,189.58,35549.99794
11/21/2013,190,190,189.33,189.99,26999.99843
11/20/2013,195.56,195.56,189,189.36,33299.99807
11/19/2013,183.33,191,183.33,189.38,90899.99473
11/18/2013,181.67,183.11,181.11,182.34,12599.99927
11/14/2013,182.21,182.21,181.11,181.58,28349.99836
11/13/2013,179.17,182.33,179.17,181.57,24299.99859
11/12/2013,179.56,179.56,178.89,179.11,1349.999922
11/11/2013,180,180.56,178.33,179.52,10799.99937
11/7/2013,177.78,181.11,177.78,178.72,13049.99924
11/6/2013,177.78,178.78,177.78,177.84,19799.99885
11/5/2013,177.78,179.46,177.78,177.79,40499.99765
11/4/2013,179.77,179.77,177.78,177.78,24299.99859
10/31/2013,173.33,188.89,172.22,174.78,243899.9859
10/30/2013,170.22,172.22,170.11,170.74,5399.999687
10/29/2013,172.22,174.34,171.33,172.82,7199.999582
10/28/2013,171,175.87,168,173.3,54449.99684
10/24/2013,165,167.89,165,167.07,8099.99953
10/23/2013,162.78,171.11,162.78,168.73,5849.999661
10/22/2013,170.56,171.11,167.78,169.62,4049.999765
10/21/2013,167.61,172.22,167.61,169.99,14399.99916
10/10/2013,170.56,175.56,170,175.23,140849.9918
10/9/2013,169.44,172.17,168.89,169.51,39599.9977
10/8/2013,179.44,179.78,167.22,170.72,34649.99799
10/7/2013,171.78,176.89,171.78,176.64,375299.9782
10/3/2013,171.11,171.11,164.44,165.46,40949.99762
10/2/2013,173.36,176.42,172.22,174.37,175949.9898
10/1/2013,172.78,176.56,172.22,175,181349.9895
9/30/2013,170.67,175.56,170,173.53,232649.9865
9/26/2013,167.67,171.11,166.67,169.4,129149.9925
9/25/2013,158.34,167.22,158.34,166.49,125099.9927
9/24/2013,157.06,159.44,157.06,157.67,10799.99937
9/23/2013,159.44,160,155.56,157.07,37799.99781
9/19/2013,165.11,166.67,161.78,162.08,31949.99815
9/18/2013,173.33,173.33,166,166.52,23849.99862
9/17/2013,166.43,166.67,163.89,166.38,117449.9932
9/16/2013,167.89,167.89,165.13,165.49,37349.99783
9/12/2013,178.56,178.56,171.36,173.81,21599.99875
9/11/2013,173.33,179.08,173.33,176.79,51299.99702
9/10/2013,172.22,175.44,171.11,173.52,22949.99867
9/9/2013,169.89,173,166.56,170.53,46799.99729
9/5/2013,170.22,171.33,167,170.76,26549.99846
9/4/2013,172.22,174.22,167,169.54,26549.99846
9/3/2013,162.78,171.67,162.78,170.47,28349.99836
9/2/2013,169.44,169.44,161.67,162.4,67049.99611
8/29/2013,177.78,177.78,170,171.6,79649.99538
8/27/2013,179.44,182.22,177.67,177.76,40949.99762
8/26/2013,181.11,181.23,173.89,176.69,102599.994
8/22/2013,168.89,175.22,166.67,172.56,112049.9935
8/21/2013,166.78,172.22,165.57,166.19,189899.989
8/20/2013,171,171,162.78,167.38,233549.9865
8/19/2013,153,162.44,153,162.42,181349.9895
8/14/2013,156.44,156.56,151.78,153.26,17099.99901
8/13/2013,155.22,156.67,150,154.02,77849.99548
8/12/2013,155.56,157.78,154.56,155.04,58049.99663
8/5/2013,152.47,154.44,150,153.19,41399.9976
8/1/2013,154.44,161.56,153.56,159.32,70199.99593
7/31/2013,166.44,166.67,158.89,160.72,102149.9941
7/30/2013,152.96,161.54,150.33,158.5,71999.99582
7/29/2013,141.67,152.18,141.67,152.18,206999.988
7/25/2013,137.56,138.67,132.22,137.9,64349.99627
7/24/2013,127.78,132.22,127.06,130.88,37799.99781
7/23/2013,123.44,124.56,123.44,124.53,52199.99697
7/22/2013,120.44,123.33,120.44,121.77,96749.99439
7/18/2013,125.56,125.56,125,125.28,3599.999791
7/17/2013,133.34,135,128.33,131.03,26099.99849
7/16/2013,134.44,136.11,134.44,134.89,8999.999478
7/15/2013,129.11,136.44,129,134.61,61649.99642
7/11/2013,146.3,146.3,133.44,136.28,40949.99762
7/10/2013,136.33,137.71,136.33,137.71,143549.9917
7/9/2013,126.43,129.86,126.43,129.61,147599.9914
7/8/2013,120,124.33,120,122.22,49049.99716
7/4/2013,118.9,119.78,118.68,118.84,33299.99807
7/3/2013,120.44,120.44,117.78,118.58,41849.99757
7/2/2013,118.47,120,118.22,119.68,67949.99606
6/27/2013,119.78,119.78,118.44,119.68,134999.9922
6/26/2013,120,120.46,118.89,119.26,91349.9947
6/24/2013,120,121.98,119.58,120.46,80549.99533
6/20/2013,118.89,118.89,117.78,118.53,131399.9924
6/19/2013,113.56,118.33,112.78,117.17,47249.99726
6/18/2013,115.01,115.62,114.47,114.63,58049.99663
6/17/2013,117.22,117.22,114.44,115.71,31499.99817
6/13/2013,119.44,119.44,117.78,117.99,32399.99812
6/12/2013,120.11,120.11,118.33,118.8,39149.99773
6/11/2013,120.33,120.44,118.89,119.52,111149.9936
6/10/2013,120.56,122.22,120,120.31,132299.9923
6/6/2013,119.99,123.1,119.89,121.46,305549.9823
6/5/2013,113.68,118.32,113.68,117.66,234899.9864
6/4/2013,111.64,114.44,111.56,113.7,228149.9868
6/3/2013,111.11,111.42,110.67,110.87,53099.99692
5/30/2013,113.33,113.33,111.11,111.23,127349.9926
5/29/2013,111.22,113.78,111.22,112.33,89549.99481
5/28/2013,110.11,112,110.11,111.17,60749.99648
5/27/2013,109.56,110.89,108.89,110.08,70649.9959
5/22/2013,110.43,110.56,107.78,108.41,29249.9983
5/21/2013,108.89,110.41,108.89,109.94,40949.99762
5/20/2013,108.34,110,108.33,109.78,75599.99562
5/16/2013,106.67,110.78,106.11,109.43,84599.99509
5/15/2013,106.44,106.67,105.56,106.27,51749.997
5/14/2013,107,107.22,106.12,106.36,135449.9921
5/13/2013,104.28,107.11,104.28,105.86,71099.99588
5/9/2013,104.46,105.54,103.89,104.46,67949.99606
5/8/2013,107.22,107.78,105,105.71,31949.99815
5/7/2013,107.76,107.77,105.17,106.83,76949.99554
5/6/2013,101.67,107.71,101.67,106.59,201599.9883
5/2/2013,101,101.11,99.11,100.66,42749.99752
4/30/2013,100.11,100.33,99.44,100.01,29699.99828
4/29/2013,99.01,99.01,98.44,98.73,8099.99953
4/25/2013,97.28,98,97.28,97.59,4949.999713
4/24/2013,97.22,97.22,96.67,96.79,19799.99885
4/23/2013,97.22,98.67,95.67,96.78,25649.99851
4/22/2013,96.67,99.44,96.67,97.9,12149.9993
4/18/2013,98.33,98.33,97.89,98.06,8099.99953
4/17/2013,97.67,98.89,97.67,98.38,3599.999791
4/15/2013,99.67,99.67,98.33,98.87,2699.999843
4/11/2013,98.44,98.44,98.11,98.29,2249.99987
4/10/2013,99.56,99.99,98.9,99.29,12599.99927
4/9/2013,100,100.11,99.79,99.96,25649.99851
4/8/2013,101.11,101.33,101.11,101.13,16199.99906
4/4/2013,100.99,101.11,100.22,100.99,9899.999426
4/3/2013,100.78,101.11,100.44,101.01,37349.99783
4/2/2013,100,100.11,99.56,99.94,12149.9993
4/1/2013,100,100,98.89,99.83,32849.99809
3/28/2013,100.11,100.31,100,100.06,12149.9993
3/27/2013,100,100.28,100,100,44999.99739
3/25/2013,99.83,101.11,99.83,100.89,53549.99689
3/20/2013,100,100.01,100,100,34649.99799
3/19/2013,99.44,100.33,99.44,100.01,43199.99749
3/18/2013,100.84,100.84,100,100,42749.99752
3/14/2013,100.42,101.1,99.56,100.03,33749.99804
3/13/2013,98.46,101.11,98.46,100.42,63899.99629
3/12/2013,97.89,99.89,97.89,98.98,6749.999609
3/11/2013,97.89,100,96.22,97.7,93599.99457
3/7/2013,103.34,104.33,102.44,102.9,121049.993
3/6/2013,106.11,106.32,103.52,103.93,110249.9936
3/5/2013,104.42,106.11,104.33,104.61,149849.9913
